路環,22.1165041438,5120.48
路環,22.1165041438,5190.55
路環,22.1129368546,7661.54
路環,22.1165041438,5204.82
路環,22.1165041438,5692.23
路環,22.1165041438,7551.49
路環,22.1165041438,4780.52
路環,22.1165041438,5051.11
路環,22.1165041438,4780.52
路環,22.1165041438,5839.42
路環,22.1165041438,4148.58
路環,22.1165041438,4777.64
路環,22.1165041438,4148.58
路環,22.1165041438,5111.24
路環,22.1165041438,5209.84
路環,22.1165041438,4524.84
路環,22.1165041438,5351.77
路環,22.1165041438,5692.23
路環,22.1165041438,5788.71
路環,22.1165041438,5209.84
路環,22.1165041438,4329.52
路環,22.1165041438,5120.48
路環,22.1165041438,5306.32
路環,22.1129368546,8620.69
路環,22.1165041438,4329.52
路環,22.1165041438,5111.24
路環,22.1165041438,4496.4
路環,22.1165041438,4509.92
路環,22.1165041438,4476.6
路環,22.1165041438,4798.56
路環,22.1165041438,5532.17
路環,22.1129368546,14102.03
路環,22.1165041438,5692.23
路環,22.1165041438,4133.33
路環,22.1165041438,4660.25