澳門,22.2046301926,6800
澳門,22.2129539557,6106.67
澳門,22.2112753368,8000
澳門,22.1998721159,7632.48
澳門,22.2123977292,7347.37
澳門,22.1861830543,10279.33
澳門,22.210222,7925.26
澳門,22.2112753368,8631.23
澳門,22.1952827533,5469.92
澳門,22.1879215795,10000
澳門,22.2091612386,8531.11
澳門,22.1899978471,8632.27
澳門,22.2053751796,9035.43
澳門,22.1883785597,4063.14
澳門,22.1967827563,4548.83
澳門,22.208682874,6263.6
澳門,22.2029514741,5682.54
澳門,22.2083054234,6465.52
澳門,22.2126460449,6426.55
澳門,22.198262876,5100.67
澳門,22.2074114572,8668.48
澳門,22.2102423306,7349.54
澳門,22.2102423306,7349.54
澳門,22.2112184475,7658.54
澳門,22.2112184475,7975
澳門,22.2093583096,8458.27
澳門,22.2093583096,8882.6
澳門,22.2093583096,8640.23
澳門,22.2093583096,8769.45
澳門,22.2093583096,8458.27
澳門,22.2131923379,7173.33
澳門,22.2131923379,7226.46
澳門,22.2131923379,7307.21
澳門,22.2131923379,7235.67
澳門,22.1927893355,6932.52
澳門,22.1927893355,8282.21
澳門,22.203515804,8266
澳門,22.203515804,8390.3
澳門,22.2074313232,6725
澳門,22.2118117024,6738.46
澳門,22.1944582416,7815.38
澳門,22.2057526382,7075.47
澳門,22.2094079738,6237.5
澳門,22.2066267488,8141.11
澳門,22.206457887,6802.22
澳門,22.2049182547,5967.3
澳門,22.206457887,6636.36
澳門,22.206457887,6636.36
澳門,22.2118017698,7753.09
澳門,22.2098648841,6633.33
澳門,22.2002098552,4081.63
澳門,22.2087027398,4695.05
澳門,22.1999714511,4863.31
澳門,22.2053751796,9435.17
澳門,22.208682874,6255.81
澳門,22.2108581621,8000
澳門,22.2109674223,7125
澳門,22.2109674223,7252.75
澳門,22.2129539557,6180.56
澳門,22.2057526382,5725
澳門,22.2057526382,7091.25
澳門,22.2053652465,6935.78
澳門,22.2066267488,8113.98
澳門,22.2066267488,7680
澳門,22.2144835673,7266.67
澳門,22.1944582416,7301.59
澳門,22.2053652465,6075.27
澳門,22.2076597817,6451.61
澳門,22.2036468038,5509.09
澳門,22.1928390056,3995
澳門,22.1929780818,5237.5
澳門,22.1927694675,5584
澳門,22.2074313232,5975
澳門,22.2077491784,5976.47
澳門,22.2087027398,4294.74
澳門,22.1897991625,5334.44
澳門,22.1894017925,6113.21
澳門,22.2033885389,6611.4
澳門,22.2134406521,8205.88
澳門,22.2066267488,7706.67
澳門,22.2053751796,7923.08
澳門,22.2053751796,8585.09
澳門,22.2036468038,5436.36
澳門,22.2036468038,8214.29
澳門,22.2064828646,6690.91
澳門,22.2002098552,5250
澳門,22.2144835673,8000
澳門,22.2087027398,4584.27
澳門,22.2144835673,7888.89
澳門,22.2053751796,9031.58
澳門,22.2091612386,7425
澳門,22.2047493908,5600
澳門,22.206457887,6375
澳門,22.206457887,6363.64
澳門,22.1953224887,4988.07
澳門,22.2011535344,4042.35
澳門,22.1927694675,5584
澳門,22.2047394576,4674.7
澳門,22.2053652465,7037.04
澳門,22.2053652465,6000
澳門,22.2053652465,6605.71
澳門,22.2066267488,7973.33
澳門,22.2053751796,8614.07
澳門,22.2053751796,8054.88
澳門,22.2103515912,7160
澳門,22.2034779383,8625
澳門,22.2074511891,7308.87
澳門,22.2114143948,10211.52
澳門,22.2149007312,7644.44
澳門,22.2066267488,7600
澳門,22.2053751796,8716.71
澳門,22.1930070771,5367.09
澳門,22.2112184475,7584.54
澳門,22.210222,7976.8
澳門,22.2083054234,6506.67
澳門,22.1874844666,6037.74
澳門,22.1874844666,7871.49
澳門,22.1888156698,6557.09
澳門,22.1861830543,11001.7
澳門,22.1861830543,12232.42
澳門,22.1861830543,11743.12
澳門,22.20908,7142.86
澳門,22.2112753368,8253.09
澳門,22.2112753368,7928.52
澳門,22.2112753368,8387.91
澳門,22.2114143948,10599.46
澳門,22.2027627412,7800
澳門,22.2074114572,7954.55
澳門,22.206457887,9000
澳門,22.206457887,8333.33
澳門,22.2091612386,9021.23
澳門,22.2091612386,8903.14
澳門,22.2074511891,7242.42
澳門,22.2091612386,9493.67
澳門,22.2074313232,6285.71
澳門,22.2064828646,7200
澳門,22.2129539557,6640
澳門,22.2072823283,8742.39
澳門,22.1944582416,6784.66
澳門,22.2066267488,8000
澳門,22.2091612386,8571.43
澳門,22.2074313232,6497.58
澳門,22.210222,7925.26
澳門,22.1961569292,5948.37
澳門,22.202007807,5512.61
澳門,22.2114143948,9830.51
澳門,22.2074313232,6285.71
澳門,22.2057526382,6484.85
澳門,22.210222,7989.69
澳門,22.2102423306,7809.22
澳門,22.2074313232,6741.85
澳門,22.1928390056,5669.72
澳門,22.1929383458,6233.24
澳門,22.1874844666,4914
澳門,22.1582941715,6987.34
澳門,22.2066267488,8222.22
澳門,22.208682874,6219.81
澳門,22.1862923337,7417.68
澳門,22.201282669,7000
澳門,22.206308891,6532.26
澳門,22.1926800612,5162.09
澳門,22.202603808,5061.73
澳門,22.2053751796,8444.04
澳門,22.2066267488,7573.33
澳門,22.2053652465,5800
澳門,22.2053751796,8508.6
澳門,22.2074114572,8066.67
澳門,22.2104807173,8360.05
澳門,22.201282669,6864.86
澳門,22.2036468038,5851.85
澳門,22.2112184475,7325.3
澳門,22.208682874,6350
澳門,22.2064876861,7038.41
澳門,22.2094079738,6160.49
澳門,22.2083054234,5916.67
澳門,22.208682874,6195.12
澳門,22.2046301926,6640
澳門,22.2112753368,8857.14
澳門,22.2114143948,10399.03
澳門,22.2114143948,8838.32
澳門,22.2033885389,6580
澳門,22.2143544449,6923.08
澳門,22.2109674223,6785.24
澳門,22.198123805,7236.84
澳門,22.206457887,6469.5
澳門,22.206457887,6030.3
澳門,22.2074313232,6100
澳門,22.2074511891,6636.36
澳門,22.206457887,6363.64
澳門,22.20908,7063.49
澳門,22.2074313232,6024.69
澳門,22.2053751796,8604.21
澳門,22.2053751796,8721.21
澳門,22.2053751796,8313.16
澳門,22.2053751796,8169.29
澳門,22.2109674223,7173.33
澳門,22.2057526382,7129.28
澳門,22.2144835673,7400
澳門,22.2034183387,8695.65
澳門,22.2000310521,5321.43
澳門,22.2033885389,6577.32
澳門,22.2033885389,6735.75
澳門,22.2144835673,8114.29
澳門,22.2034183387,8690.18
澳門,22.2053751796,8680.69
澳門,22.2053751796,8464.57
澳門,22.201282669,6818.18
澳門,22.1928390056,6280
澳門,22.2109674223,7173.33
澳門,22.1952827533,4937.5
澳門,22.2093682424,5105.26
澳門,22.2026435414,6533.55
澳門,22.2053751796,8635.39
澳門,22.2108581621,9405.68
澳門,22.2053751796,8861.99
澳門,22.2049182547,6425.34
澳門,22.2092788467,4766.58
澳門,22.1894017925,6406.73
澳門,22.1894017925,6132.08
澳門,22.1902743809,9277.9
澳門,22.2112184475,7753.09
澳門,22.2074313232,6725
澳門,22.2134406521,7892.38
澳門,22.2126460449,6468.93
澳門,22.1944582416,8063.49
澳門,22.2109674223,7469.88
澳門,22.2066267488,8240
澳門,22.210222465,5573.03
澳門,22.201282669,6827.96
澳門,22.1894017925,6584.91
澳門,22.2072823283,8736.84
澳門,22.206457887,6572.77
澳門,22.190703175,5604.5
澳門,22.2046301926,6695.57
澳門,22.1582941715,7127.27
澳門,22.2074114572,8804.35
澳門,22.2029316075,6538.46
澳門,22.206457887,6746.77
澳門,22.2086232766,4355.4
澳門,22.1874844666,5903.61
澳門,22.2076597817,6566.67
澳門,22.2112184475,6359.74
澳門,22.1861830543,11529.59
澳門,22.2053751796,9591.33
澳門,22.2102423306,7727.27
澳門,22.2093583096,8580.65
澳門,22.203656737,5028.57
澳門,22.1909117925,4871.79
澳門,22.1928390056,3995
澳門,22.2074313232,6325.3
澳門,22.208682874,6467.66
澳門,22.2091695853,6870.75
澳門,22.2074511891,7230.77
澳門,22.2083054234,6610.17
澳門,22.2129539557,6319.44
澳門,22.2074511891,6892.31
澳門,22.2118117024,7133.33
澳門,22.1882692819,4280
澳門,22.2002098552,5386.57
澳門,22.206457887,6430.77
澳門,22.2098648841,6916.67
澳門,22.2049182547,5384.62
澳門,22.2053652465,6972.48
澳門,22.2057526382,7129.28
澳門,22.2064828646,6617.38
澳門,22.2118017698,7753.09
澳門,22.2144736348,7210.53
澳門,22.208682874,6420.05
澳門,22.2118017698,7850
澳門,22.206457887,7159.53
澳門,22.2114143948,10626.7
澳門,22.2114143948,10291.26
澳門,22.20908,7599.21
澳門,22.2005575273,5600
澳門,22.208682874,6240.96
澳門,22.2094079738,6085.37
澳門,22.2074313232,5879.52
澳門,22.2074313232,5879.52
澳門,22.1944582416,7609.76
澳門,22.2091612386,8846.15
澳門,22.2074511891,7565.89
澳門,22.196166863,5993.15
澳門,22.1985310839,5555.56
澳門,22.2074511891,7393.94
澳門,22.1995145086,5678.57
澳門,22.1876831545,4418.6
澳門,22.2127354384,7539.12
澳門,22.1882692819,5653.27
澳門,22.2093583096,7956.99
澳門,22.1929780818,6029.68
澳門,22.2134406521,8090.23
澳門,22.2109674223,7390.11
澳門,22.2033388725,6829.27
澳門,22.1905480602,6393.44
澳門,22.210222,9297.85
澳門,22.1915575111,4904.11
澳門,22.1861830543,12232.42
澳門,22.2091612386,8903.14
澳門,22.2053751796,8635.39
澳門,22.2015111375,5341.54
澳門,22.2026435414,6549.52
澳門,22.2046202594,4928.57
澳門,22.2015111375,4775.76
澳門,22.198123805,7208.39
澳門,22.2017131167,11028.04
澳門,22.2036468038,6429.63
澳門,22.1872857785,8787.88
澳門,22.2118017698,7850
澳門,22.2057526382,6872.73
澳門,22.208682874,6604.65
澳門,22.2143544449,6866.57
澳門,22.2098648841,6633.33
澳門,22.2002098552,5424.59
澳門,22.2093583096,7841.03
澳門,22.1921237543,7212.77
澳門,22.2026435414,5971.09
澳門,22.210222,7957.47
澳門,22.186834,10056.82
澳門,22.20908,7142.86
澳門,22.2066267488,7969.23
澳門,22.2112184475,8179.49
澳門,22.1927893355,6547.93
澳門,22.2093583096,7956.99
澳門,22.2091612386,8659.4
澳門,22.2093583096,8580.65
澳門,22.208682874,6350
澳門,22.2057526382,6000
澳門,22.2112753368,8518.52
澳門,22.2025740081,8678.5
澳門,22.1992661697,6367.04
澳門,22.1861830543,11011.9
澳門,22.206457887,6651.02
澳門,22.2091612386,9001.64
澳門,22.1925608528,5582.09
澳門,22.2035673377,3585.4
澳門,22.2091612386,9043.58
澳門,22.1878421045,5037.97
澳門,22.2093583096,8506.67
澳門,22.2091612386,9455.62
澳門,22.191011134,4625
澳門,22.2112753368,8759.49
澳門,22.2066962801,5569.89
澳門,22.1886368522,6517.78
澳門,22.2093583096,8773.33
澳門,22.2112753368,8156.5
澳門,22.2091612386,9181.14
澳門,22.2109674223,7361.11
澳門,22.2114143948,8934.62
澳門,22.2109674223,7291.67
澳門,22.210222,8830.55
澳門,22.1861830543,11500.82
澳門,22.1861830543,12500
澳門,22.1861830543,12858.4
澳門,22.2102423306,7840.67
澳門,22.2112753368,8564.81
澳門,22.2072823283,8644.69
澳門,22.1912098168,5869.57
澳門,22.2022064743,7503.32
澳門,22.2009647991,6925.95
澳門,22.2066267488,8046.15
澳門,22.1881103324,6864.41
澳門,22.2149007312,8239.52
澳門,22.2086232766,4355.4
澳門,22.1992661697,6376.59
澳門,22.2012230685,3985.19
澳門,22.2102423306,6583.33
澳門,22.208682874,6843.37
澳門,22.1976072544,6509.8
澳門,22.1967827563,4548.83
澳門,22.2016899388,5063.61
澳門,22.2112753368,8374.38
澳門,22.2109674223,7289.97
澳門,22.2114143948,10133.01
澳門,22.1944582416,8677.42
澳門,22.2083054234,6382.98
澳門,22.2053751796,9042.55
澳門,22.2109674223,7106.67
澳門,22.2066267488,7973.33
澳門,22.2049182547,5586.78
澳門,22.1944582416,6791.04
澳門,22.2134406521,7828.57
澳門,22.2002098552,5250
澳門,22.2057526382,6636.36
澳門,22.2074313232,5788.18
澳門,22.2087027398,4497.18
澳門,22.2144835673,7266.67
澳門,22.2039050682,6138.46
澳門,22.1582941715,7745.9
澳門,22.1991171661,5206.35
澳門,22.2001601877,5408.65
澳門,22.1995145086,4705.88
澳門,22.2109674223,7240
澳門,22.206457887,7079.48
澳門,22.1882692819,4360.19
澳門,22.2091612386,9600
澳門,22.2029514741,7733.33
澳門,22.1907528459,5706.67
澳門,22.2023554746,7804.35
澳門,22.1886368522,6353.59
澳門,22.1966138826,6187.5
澳門,22.208682874,6475
澳門,22.2074313232,6340.58
澳門,22.2046301926,6917.15
澳門,22.188507706,7450.16
澳門,22.2094079738,7350
澳門,22.2046301926,6724.47
澳門,22.1927893355,6625.77
澳門,22.206457887,6636.36
澳門,22.1910210681,5952.38
澳門,22.2032792728,8989.11
澳門,22.2072823283,8742.39
澳門,22.2074114572,8571.43
澳門,22.2066267488,8108.11
澳門,22.1886368522,6404.49
澳門,22.1928787417,6429.91
澳門,22.1894017925,6565.84
澳門,22.2010144663,5282.35
澳門,22.1898985048,7172.13
澳門,22.1991171661,5046.08
澳門,22.2144736348,7480.14
澳門,22.203617004,7302.23
澳門,22.2036468038,7667.09
澳門,22.1993754388,6970.85
澳門,22.2051367842,6563.71
澳門,22.208682874,6759.91
澳門,22.2077491784,6470.59
澳門,22.1910210681,7152.47
澳門,22.190703175,7449.61
澳門,22.2015111375,5990
澳門,22.1872857785,7858.55
澳門,22.2143544449,6835.82
澳門,22.2108581621,7170.37
澳門,22.1882692819,4444.44
澳門,22.2094874366,5048.08
澳門,22.2126460449,6336.63
澳門,22.206457887,6741.94
澳門,22.2049182547,5800
澳門,22.2074313232,6725
澳門,22.2074313232,6725
澳門,22.2074313232,6350
澳門,22.190703175,4898.91
澳門,22.208682874,6384.52
澳門,22.2080868988,8058.82
澳門,22.1861830543,13497.45
澳門,22.1861830543,12600
澳門,22.1861830543,12770.75
澳門,22.1998721159,7504.27
澳門,22.2114143948,9793.51
澳門,22.1861830543,11900
澳門,22.2002098552,7588.08
澳門,22.2109674223,7470.82
澳門,22.2093583096,7956.99
澳門,22.188507706,7395.83
澳門,22.1861830543,12004.35
澳門,22.1894017925,6406.73
澳門,22.2053751796,9253.73
澳門,22.2074313232,6867.47
澳門,22.2074511891,7461.77
澳門,22.1995145086,5878.14
澳門,22.2053751796,8600.77
澳門,22.2026435414,5971.09
澳門,22.2144835673,8000
澳門,22.2087027398,4628.57
澳門,22.2114143948,9661.02
澳門,22.2053751796,8635.39
澳門,22.2010542001,4285.71
澳門,22.2053751796,8181.1
澳門,22.2144835673,8114.29
澳門,22.2109674223,7133.33
澳門,22.2074313232,6241.05
澳門,22.2114143948,9685.23
澳門,22.2093583096,8172.04
澳門,22.2087027398,4822.04
澳門,22.2016899388,5063.61
澳門,22.2034481385,5487.92
澳門,22.2109674223,7333.33
澳門,22.2093583096,8458.27
澳門,22.2074313232,6000
澳門,22.2104807173,8236.74
澳門,22.2046301926,6421.05
澳門,22.2033885389,6580
澳門,22.2074114572,8240
澳門,22.2112184475,7629.63
澳門,22.2064828646,6371.95
澳門,22.2053751796,8297.01
澳門,22.2053652465,5800
澳門,22.2112184475,7868.02
澳門,22.2053751796,8462.24
澳門,22.208682874,6302.73
澳門,22.201282669,6733.33
澳門,22.2144736348,7210.53
澳門,22.2094079738,6560.98
澳門,22.2074511891,6738.46
澳門,22.2114143948,10374.85
澳門,22.2114143948,8091.6
澳門,22.2114143948,10558.58
澳門,22.2114143948,8898.31
澳門,22.2114143948,9891.44
澳門,22.2114143948,9746.68
澳門,22.2053751796,8543.31
澳門,22.1861830543,12909.88
澳門,22.1861830543,13374.13
澳門,22.2026236747,4602.15
澳門,22.1861830543,10884.35
澳門,22.1901965314,5338.98
澳門,22.186834,9793.25
澳門,22.1907925825,6925.62
澳門,22.1902743809,9945.24
澳門,22.186834,10000
澳門,22.1902743809,10866.14
澳門,22.1905480602,6352.46
澳門,22.2053751796,9038.92
澳門,22.2046301926,7115.9
澳門,22.1881103324,6181.65
澳門,22.2053751796,10028.05
澳門,22.1912098168,6331.52
澳門,22.1912098168,6338.03
澳門,22.213420787,7555.28
澳門,22.1905480602,5760.87
澳門,22.2074313232,6469.17
澳門,22.2066267488,8000
澳門,22.210222,8265.5
澳門,22.2112753368,8531.75
澳門,22.1897991625,6297.23
澳門,22.192610523,7000
澳門,22.2129539557,6638.89
澳門,22.2114143948,10762.94
澳門,22.208682874,6725
澳門,22.208682874,6875
澳門,22.188418297,8237.23
澳門,22.2144736348,7333.33
澳門,22.2114143948,9500
澳門,22.1912098168,6521.74
澳門,22.206457887,8333.33
澳門,22.1952827533,4937.5
澳門,22.1861830543,11437.07
澳門,22.1861830543,11394.56
澳門,22.2093583096,8415.84
澳門,22.2129539557,6293.71
澳門,22.196166863,4929.97
澳門,22.1878321701,5225.36
澳門,22.1861830543,12500
澳門,22.2074313232,6857.86
澳門,22.2030408739,7600
澳門,22.2049182547,5600
澳門,22.1976072544,6526.87
澳門,22.2027130746,6222.22
澳門,22.2004581925,4869.28
澳門,22.2053751796,8816.86
澳門,22.196166863,5777.78
澳門,22.1861830543,11500
澳門,22.2053751796,9147.12
澳門,22.188418297,7495.88
澳門,22.2118117024,10000
澳門,22.2129539557,6388.89
澳門,22.2016800054,5638.3
澳門,22.2064828646,6746.77
澳門,22.2127851015,7507.69
澳門,22.2064828646,6981.71
澳門,22.2127851015,8136.48
澳門,22.2057526382,6225
澳門,22.2057526382,6028.83
澳門,22.2073976921,8920.94
澳門,22.2057526382,6909.09
澳門,22.2057526382,7200
澳門,22.2057526382,6395.81
澳門,22.2057526382,5600
澳門,22.2057526382,7545.45
澳門,22.208682874,6511.09
澳門,22.2064828646,6987.06
澳門,22.2064828646,6531.25
澳門,22.208682874,6475
澳門,22.2074313232,6626.51
澳門,22.2074313232,6604.65
澳門,22.2109674223,7173.33
澳門,22.2109674223,7133.33
澳門,22.208682874,6497.58
澳門,22.1944582416,7428.57
澳門,22.1944582416,7548.39
澳門,22.1944582416,8032.26
澳門,22.1944582416,8206.19
澳門,22.1898985048,5870.97
澳門,22.2049182547,6825.17
澳門,22.2114143948,10106.38
澳門,22.2112753368,8438.82
澳門,22.1912098168,6778.17
澳門,22.1886368522,6699.75
澳門,22.2062294265,6771.65
澳門,22.1888156698,6574.39
澳門,22.188418297,10500
澳門,22.2066267488,7973.33
澳門,22.2066267488,8000
澳門,22.2123977292,7111.11
澳門,22.20908,7724.87
澳門,22.2118017698,7753.09
澳門,22.2053751796,8917.2
澳門,22.2094874366,5000
澳門,22.2074313232,6505.44
澳門,22.2074313232,6600
澳門,22.190703175,4898.91
澳門,22.190703175,6313.83
澳門,22.190703175,6447.99
澳門,22.2091612386,8903.14
澳門,22.2114143948,8934.62
澳門,22.2073976921,7967.84
澳門,22.2118117024,7416.67
澳門,22.2102423306,7651.16
澳門,22.2118117024,6833.33
澳門,22.2094079738,7100
澳門,22.2118117024,7300
澳門,22.2062294265,6631.58
澳門,22.2050275195,6142.51
澳門,22.2112753368,9050.85
澳門,22.2109674223,6853.53
澳門,22.1882692819,4394.9
澳門,22.2053652465,7067.57
澳門,22.2029316075,6756.76
澳門,22.2118117024,7300
澳門,22.2036468038,5814.81
澳門,22.1861830543,11984.61
澳門,22.2104807173,8226.6
澳門,22.2036468038,7600
澳門,22.2093583096,8666.67
澳門,22.2112184475,7538.46
澳門,22.206457887,6363.64
澳門,22.208682874,6475
澳門,22.2083054234,6610.53
澳門,22.2053652465,7056.45
澳門,22.2093583096,8387.1
澳門,22.2109674223,7289.97
澳門,22.2094874366,4627.4
澳門,22.2118017698,7850
澳門,22.2026435414,6643.55
澳門,22.2028422078,6828.57
澳門,22.1921237543,7074.47
澳門,22.2144835673,7779.35
澳門,22.2131923379,7278.61
澳門,22.2018290062,4235.29
澳門,22.2053751796,9499.36
澳門,22.1928390056,4055.84
澳門,22.2079677035,4994.45
澳門,22.2049182547,5685.71
澳門,22.2062294265,7263.78
澳門,22.2034084054,6388.89
澳門,22.199504575,6562.5
澳門,22.2008157974,3217.46
澳門,22.1978158616,5560
澳門,22.2005277268,5736.78
澳門,22.2005277268,5737.7
澳門,22.2046103263,7980.65
澳門,22.2025740081,8148.15
澳門,22.2029514741,6818.73
澳門,22.190703175,4898.91
澳門,22.188418297,7806.28
澳門,22.210222465,4437.01
澳門,22.1940012812,4922.64
澳門,22.2029316075,6538.46
澳門,22.2039150014,5923.57
澳門,22.2112753368,8734.18
澳門,22.2118017698,7753.09
澳門,22.208682874,6741.85
澳門,22.2046103263,8272.95
澳門,22.2033885389,6818.65
澳門,22.2087027398,4800
澳門,22.2094874366,5194.03
澳門,22.2074313232,6560.98
澳門,22.1582941715,7560
澳門,22.2053652465,7037.04
澳門,22.188507706,7450.16
澳門,22.2074511891,7507.69
澳門,22.2091612386,8903.14
澳門,22.1881103324,7500
澳門,22.1901766629,4430.52
澳門,22.1902743809,9288.06
澳門,22.2013422695,5000
澳門,22.1928390056,4059.96
澳門,22.2053751796,7690.44
澳門,22.1872857785,10975.18
澳門,22.2114143948,9926.92
澳門,22.2013422695,7937.61
澳門,22.1948059279,7418.7
澳門,22.20518645,8078.87
澳門,22.2120202885,6884.62
澳門,22.208682874,6195.12
澳門,22.208682874,6195.12
澳門,22.210222,8014.57
澳門,22.1983824443,5555.56
澳門,22.2074313232,6120.48
澳門,22.2074313232,5951.22
澳門,22.206457887,6843.75
澳門,22.2143544449,7016.49
澳門,22.2026435414,6549.52
澳門,22.2036468038,7741.12
澳門,22.2073976921,8930.48
澳門,22.2094079738,7573.53
澳門,22.208682874,6642.86
澳門,22.2001601877,5395.68
澳門,22.2143544449,6866.57
澳門,22.2109674223,7266.67
澳門,22.2109674223,7306.67
澳門,22.2109674223,7181.82
澳門,22.2074313232,6505.44
澳門,22.2074313232,6226.42
澳門,22.1966734851,5828.57
澳門,22.1898985048,5870.97
澳門,22.206457887,6843.75
澳門,22.2091612386,9139.15
澳門,22.2033885389,6882.85
澳門,22.2057526382,7129.28
澳門,22.2100933387,6936.42
澳門,22.1582941715,7812.5
澳門,22.2005277268,7027.46
澳門,22.2030806071,4072.29
澳門,22.2036468038,5629.63
澳門,22.2050275195,6142.51
澳門,22.2076597817,6500.54
澳門,22.1901766629,4576.47
澳門,22.2039050682,4570.55
澳門,22.2034481385,4139.26
澳門,22.2080868988,8472.91
澳門,22.2074511891,7307.69
澳門,22.2064828646,6690.91
澳門,22.2021766742,6577.54
澳門,22.2141955249,6134.55
澳門,22.2093583096,8415.84
澳門,22.2098648841,6500
澳門,22.1966734851,6031.75
澳門,22.2053751796,8600.77
澳門,22.1956801067,7056.37
澳門,22.2036468038,7600
澳門,22.2053751796,9604.52
澳門,22.2053751796,9443.1
澳門,22.2077491784,6588.24
澳門,22.1883090193,4730.16
澳門,22.2027627412,7500
澳門,22.2047791903,6870.08
澳門,22.2091612386,7554.14
澳門,22.199504575,7568.97
澳門,22.1984317477,6720.58
澳門,22.208682874,6277.71
澳門,22.2103515912,6542.86
澳門,22.2027627412,5007.26
澳門,22.2093583096,7956.99
澳門,22.2087027398,4822.04
澳門,22.206457887,6363.64
澳門,22.2066267488,7600
澳門,22.208682874,6588.24
澳門,22.1909117925,5181.55
澳門,22.2080868988,8390.24
澳門,22.2114143948,10626.7
澳門,22.2112753368,8495.68
澳門,22.2028422078,6725
澳門,22.2093583096,8506.67
澳門,22.20908,8044.08
澳門,22.2064828646,6802.22
澳門,22.210580045,7749.47
澳門,22.2053751796,8585.09
澳門,22.2086232766,4355.4
澳門,22.208682874,6240.96
澳門,22.2046103263,7236.84
澳門,22.2053652465,7357.14
澳門,22.2036468038,7909.32
澳門,22.2144736348,8106.67
澳門,22.1894017925,6493.51
澳門,22.2093583096,8628.01
澳門,22.2077491784,6470.59
澳門,22.2017131167,15715.54
澳門,22.20908,7142.86
澳門,22.1910210681,7168.54
澳門,22.2039050682,5600
澳門,22.2027627412,7757.28
澳門,22.2086232766,4355.4
澳門,22.2021766742,6589.29
澳門,22.2093583096,7827.96
澳門,22.2025740081,8687.07
澳門,22.2129539557,6480
澳門,22.1930070771,5880.92
澳門,22.2138578191,6456.14
澳門,22.1956105699,6971.58
澳門,22.2049182547,5685.71
澳門,22.2053652465,7088.89
澳門,22.1998323818,10675.13
澳門,22.2120202885,7076.92
澳門,22.2053652465,6549.3
澳門,22.2053652465,6364.92
澳門,22.210222,7989.69
澳門,22.2029316075,6538.46
澳門,22.206457887,6843.75
澳門,22.2093583096,8415.84
澳門,22.188388494,4884.55
澳門,22.210222,8140.26
澳門,22.210222,7925.26
澳門,22.20908,6865.08
澳門,22.2039050682,5600
澳門,22.2093583096,7935.48
澳門,22.2046103263,7423.25
澳門,22.2053751796,8274.98
澳門,22.1894017925,6909.09
澳門,22.2093583096,7956.99
澳門,22.2074313232,6641.98
澳門,22.2073976921,9216.34
澳門,22.2083054234,6666.67
澳門,22.1962662008,6088.5
澳門,22.1978158616,4638.55
澳門,22.1881103324,6762.47
澳門,22.2109674223,7152.78
澳門,22.2093583096,7935.48
澳門,22.2001601877,5408.65
澳門,22.2073976921,7967.84
澳門,22.1952827533,5450.82
澳門,22.190703175,5604.5
澳門,22.2025740081,6150.79
澳門,22.1956006361,3155.82
澳門,22.2026435414,6533.55
澳門,22.1966734851,5937.5
澳門,22.2104807173,8272.73
澳門,22.2073976921,8930.48
澳門,22.2112753368,7780.98
澳門,22.1923224356,6119.61
澳門,22.2149007312,8239.52
澳門,22.1897991625,4778.76
澳門,22.2049182547,6256.41
澳門,22.2053751796,9035.43
澳門,22.210222465,5617.98
澳門,22.2039050682,5600
澳門,22.2057526382,7075.47
澳門,22.2094079738,7391.84
澳門,22.2010542001,4285.71
澳門,22.2013025359,5833.33
澳門,22.2064876861,7839.51
澳門,22.213420787,7751.2
澳門,22.213420787,7117.65
澳門,22.213420787,7775.12
澳門,22.186956139,6094.57
澳門,22.2129539557,6180
澳門,22.2074313232,6725
澳門,22.1921237543,7074.47
澳門,22.1891099503,7886.44
澳門,22.1861830543,13499.14
澳門,22.1861830543,12500
澳門,22.1861830543,10978.04
澳門,22.2026435414,7180.51
澳門,22.1876632857,4779.71
澳門,22.1870672212,5002.18
澳門,22.2028422078,6422.02
澳門,22.2010542001,4240
澳門,22.1907528459,7063.83
澳門,22.18923291,7250
澳門,22.1947777918,7000.57
澳門,22.1914283676,5138.49
澳門,22.2024741553,4032.44
澳門,22.1870672212,5733.94
澳門,22.2114143948,10599.46
澳門,22.2066267488,7600
澳門,22.2064828646,6636.36
澳門,22.1861830543,12354.93
澳門,22.2053751796,8718.93
澳門,22.2123977292,7755.56
澳門,22.2142650524,6775.51
澳門,22.2080868988,8600
澳門,22.2074313232,6505.44
澳門,22.2057526382,6000
澳門,22.2114143948,9604.52
澳門,22.2049182547,6217.95
澳門,22.20908,7063.49
澳門,22.210222,7925.26
澳門,22.2066267488,7661.54
澳門,22.2112753368,8195.75
澳門,22.210222,8054.12
澳門,22.2074511891,6892.31
澳門,22.2083054234,6052.63
澳門,22.2046103263,7675.44
澳門,22.210222,8921.04
澳門,22.206457887,6572.77
澳門,22.2033885389,8972.6
澳門,22.2057526382,7545.45
澳門,22.1894017925,6507.49
澳門,22.2028422078,7017.54
澳門,22.1891099503,7884.68
澳門,22.2028422078,6810.93
澳門,22.188507706,8283.82
澳門,22.1867393847,6521.74
澳門,22.1902743809,10866.14
澳門,22.2066267488,7973.33
澳門,22.210222,7989.69
澳門,22.1929780818,6459.02
澳門,22.190703175,5604.5
澳門,22.2118117024,6923.08
澳門,22.1881103324,6233.64
澳門,22.2118117024,7300
澳門,22.1894017925,6416.54
澳門,22.20908,7832.08
澳門,22.2129539557,6597.22
澳門,22.2129539557,6388.89
澳門,22.210580045,6808.51
澳門,22.210580045,7191.49
澳門,22.2103515912,11778.85
澳門,22.2000310521,5288.46
澳門,22.2025740081,8627.45
澳門,22.2025541414,5901.64
澳門,22.188418297,6634.23
澳門,22.2129539557,6100
澳門,22.188418297,7798.79
澳門,22.1894017925,6565.84
澳門,22.2076597817,6987.01
澳門,22.2109674223,6727.27
澳門,22.2064828646,6802.22
澳門,22.1862923337,7071.06
澳門,22.1862923337,7244.37
澳門,22.1897991625,6500
澳門,22.2066267488,7973.33
澳門,22.1582941715,7684.43
澳門,22.2087027398,4678.9
澳門,22.201282669,6818.18
澳門,22.2046103263,7284.21
澳門,22.2028422078,6543.78
澳門,22.2064828646,6509.09
澳門,22.206457887,6802.22
澳門,22.2066267488,7973.33
澳門,22.2025541414,5901.64
澳門,22.1897991625,5315.61
澳門,22.2053652465,6542.86
澳門,22.2018290062,4235.29
澳門,22.1966138826,8557.69
澳門,22.2149007312,7644.44
澳門,22.2016402718,6116.07
澳門,22.2112184475,7414.6
澳門,22.2114143948,9463.28
澳門,22.2144835673,7785.71
澳門,22.2005674607,4422.22
澳門,22.2005674607,8024.19
澳門,22.1944582416,7000
澳門,22.2074313232,5975
澳門,22.203249473,8277.78
澳門,22.1898985048,5800
澳門,22.2144835673,8114.29
澳門,22.1881103324,6187.85
澳門,22.2143544449,6892.31
澳門,22.2083054234,6465.52
澳門,22.2024945414,5680.75
澳門,22.1898985048,6114.84
澳門,22.1898985048,5910.22
澳門,22.213420787,7592.14
澳門,22.1967827563,4548.83
澳門,22.203249473,8166.67
澳門,22.2074313232,6000
澳門,22.1885086297,6061.45
澳門,22.2053751796,9035.43
澳門,22.2094874366,5048.08
澳門,22.2120202885,7461.54
澳門,22.2123977292,7088.89
澳門,22.2053751796,8457.61
澳門,22.2137584938,7093.02
澳門,22.2149007312,7904.19
澳門,22.2074511891,7046.15
澳門,22.2067260793,6998.81
澳門,22.2144835673,7988.75
澳門,22.1905480602,6200
澳門,22.2066267488,7615.28
澳門,22.2033885389,6818.65
澳門,22.2144835673,8114.29
澳門,22.2053751796,8141.38
澳門,22.2093583096,8189.47
澳門,22.2129539557,5833.33
澳門,22.2053652465,6685.71
澳門,22.2053751796,9061.83
澳門,22.19064357,4682.15
澳門,22.2039498167,8277.25
澳門,22.2057526382,7129.28
澳門,22.2053652465,6872.73
澳門,22.2026435414,7002.92
澳門,22.1944118798,8229.17
澳門,22.2109674223,7031.25
澳門,22.1907925825,7656.83
澳門,22.1534848418,4715.64
澳門,22.1984714822,5521.2
澳門,22.201282669,6768.95
澳門,22.2143544449,7016.49
澳門,22.2074313232,6369.05
澳門,22.206457887,6690.91
澳門,22.2073976921,8026.32
澳門,22.2093583096,7715.79
澳門,22.2049182547,5868.47
澳門,22.1999714511,4719.42
澳門,22.2131923379,7324.84
澳門,22.2102423306,7268.52
澳門,22.2138578191,6571.43
澳門,22.1944582416,7904.76
澳門,22.2066267488,8656.72
澳門,22.2144736348,6818.18
澳門,22.1930070771,5269.84
澳門,22.201282669,6773.33
澳門,22.2049182547,5833.33
澳門,22.2093583096,7956.99
澳門,22.206457887,6572.77
澳門,22.2114143948,10216.35
澳門,22.2013422695,6523.81
澳門,22.1929383458,5300
澳門,22.2127354384,7291.67
澳門,22.2073976921,9090.91
澳門,22.2034779383,7078.51
澳門,22.2053652465,6818.18
澳門,22.2100933387,7803.03
澳門,22.2144835673,7988.75
澳門,22.2062294265,6578.95
澳門,22.2123977292,7360.96
澳門,22.1961569292,6022.73
澳門,22.186834,8705.11
澳門,22.2049182547,5994.4
澳門,22.2057526382,7075.47
澳門,22.2114143948,9491.53
澳門,22.1944582416,7428.57
澳門,22.2049182547,6825.17
澳門,22.2049182547,5241.38
澳門,22.2091612386,8466.97
澳門,22.1945476467,5123.81
澳門,22.2114143948,10132.21
澳門,22.2100933387,7052.02
澳門,22.1862923337,8490.57
澳門,22.2144736348,7241.77
澳門,22.2109674223,7289.97
澳門,22.2094079738,6740.2
澳門,22.2114143948,10106.38
澳門,22.2144835673,8114.29
澳門,22.1909117925,5181.55
澳門,22.1861830543,12000
澳門,22.2144736348,7045.45
澳門,22.1861830543,11052.17
澳門,22.2136492358,8484.85
澳門,22.1915575111,6718.75
澳門,22.2112184475,7753.09
澳門,22.1898985048,5861.51
澳門,22.2126460449,5200
澳門,22.2077491784,5858.82
澳門,22.2083054234,6505.26
澳門,22.2112184475,7435.9
澳門,22.2118017698,7654.32
澳門,22.2057526382,7129.28
澳門,22.2053751796,9499.36
澳門,22.1944582416,7319.59
澳門,22.1944582416,7419.35
澳門,22.2029514741,7466.67
澳門,22.2053751796,8635.39
澳門,22.2026435414,6480
澳門,22.188418297,6758.07
澳門,22.2025740081,8678.5
澳門,22.2083054234,6539.68
澳門,22.2074313232,6062.5
澳門,22.2112753368,9152.54
澳門,22.2134406521,8029.2
澳門,22.2123977292,7263.16
澳門,22.2028422078,6098.25
澳門,22.2037262698,4957.51
澳門,22.2032792728,7854.01
澳門,22.2032792728,8833.59
澳門,22.2009548657,7325.19
澳門,22.1976072544,6256.54
澳門,22.1961072603,4400.44
澳門,22.2027130746,6222.22
澳門,22.2057526382,7129.28
澳門,22.2024945414,10306.51
澳門,22.2072823283,7662.34
澳門,22.2053751796,8331.19
澳門,22.2023554746,7804.35
澳門,22.2109674223,7090.91
澳門,22.210023809,7071.43
澳門,22.2033885389,6715.03
澳門,22.203656737,5219.05
澳門,22.2074114572,8650.14
澳門,22.2020376071,4333.64
澳門,22.2077491784,6470.59
澳門,22.2087027398,4508.29
澳門,22.2036468038,6838.1
澳門,22.190703175,5209.95
澳門,22.2036468038,5482.76
澳門,22.1929880158,5933.01
澳門,22.2031402068,4413.47
澳門,22.2026435414,6638.95
澳門,22.1944582416,8125
澳門,22.2093583096,7849.46
澳門,22.1991171661,5365.08
澳門,22.2112184475,8179.49
澳門,22.2074511891,7046.15
澳門,22.201282669,6727.27
澳門,22.2066267488,7538.46
澳門,22.2053751796,9035.43
澳門,22.2057526382,6909.09
澳門,22.2066267488,8108.11
澳門,22.2053751796,8933.9
澳門,22.2112184475,7420.71
澳門,22.1995145086,3990
澳門,22.2074313232,7089.55
澳門,22.210222,7925.26
澳門,22.2118017698,7753.09
澳門,22.2035673377,3489.85
澳門,22.1882692819,4435.48
澳門,22.2074313232,6867.47
澳門,22.1929383458,3830.77
澳門,22.2091612386,8917.2
澳門,22.1928390056,4295
澳門,22.208682874,6843.37
澳門,22.2030408739,8211.92
澳門,22.1861830543,11020.41
澳門,22.1861830543,11020.41
澳門,22.1861830543,10502.75
澳門,22.1861830543,10502.75
澳門,22.2066267488,7384.62
澳門,22.2112753368,8419.77
澳門,22.2134406521,8090.23
澳門,22.1999714511,4685.71
澳門,22.2112184475,7517.08
澳門,22.2112184475,7692.31
澳門,22.2025740081,8678.5
澳門,22.1915575111,8203.88
澳門,22.2112184475,7528.81
澳門,22.2109674223,7503.49
澳門,22.1956006361,4140.88
澳門,22.2104807173,8848.82
澳門,22.202881941,5730.13
澳門,22.2019581401,11799.85
澳門,22.206457887,6802.22
澳門,22.2102423306,7651.16
澳門,22.186834,9659.09
澳門,22.2091612386,8905.23
澳門,22.2091612386,9003.66
澳門,22.1894017925,6565.84
澳門,22.2046301926,7840
澳門,22.2002098552,4163.42
澳門,22.2049182547,6825.17
澳門,22.206457887,6802.22
澳門,22.2052361157,5173.5
澳門,22.1956105699,6977.78
澳門,22.1861830543,12974.05
澳門,22.2129539557,6785.71
澳門,22.2087027398,4695.05
澳門,22.2118017698,7850
澳門,22.2026435414,5958.52
澳門,22.1894017925,6490.57
澳門,22.2109674223,7133.33
澳門,22.206457887,6654.34
澳門,22.206457887,6541.47
澳門,22.1929383458,5428.57
澳門,22.2066267488,7573.33
澳門,22.2074313232,6812.5
澳門,22.208682874,6564.71
澳門,22.2093583096,8640
澳門,22.2093583096,7926.96
澳門,22.2114143948,9152.54
澳門,22.2114143948,8898.31
澳門,22.1876831545,5562.34
澳門,22.1914383018,6648.04
澳門,22.1894017925,6863.64
澳門,22.2057526382,6909.09
澳門,22.2053751796,8934
澳門,22.2077491784,6588.24
澳門,22.2134406521,8000
澳門,22.2102423306,7268.52
澳門,22.208682874,6687.5
澳門,22.2112753368,8564.81
澳門,22.192610523,7857.14
澳門,22.2074511891,7507.69
澳門,22.1926800612,5000
澳門,22.1947777918,7858.55
澳門,22.206457887,6690.91
澳門,22.206457887,6363.64
澳門,22.2046103263,7091.1
澳門,22.2080868988,8493.83
澳門,22.210580045,7191.49
澳門,22.2118117024,7300
澳門,22.1912098168,6256.52
澳門,22.2039050682,5997.99
澳門,22.2054149121,6600
澳門,22.210222465,5449.01
澳門,22.2126460449,6468.93
澳門,22.2000707862,5339.81
澳門,22.2105502467,6829.27
澳門,22.2093583096,8387.1
澳門,22.1883090193,5918.92
澳門,22.206457887,6363.64
澳門,22.2074313232,6560.98
澳門,22.2109674223,7152.78
澳門,22.201282669,6768.95
澳門,22.1910210681,7168.54
澳門,22.201670072,5351.35
澳門,22.210580045,7684.21
澳門,22.210222,7925.26
澳門,22.190703175,5054.43
澳門,22.1910210681,7168.54
澳門,22.1905839649,6240.71
澳門,22.2093583096,8387.1
澳門,22.2074511891,6923.08
澳門,22.2074511891,6738.46
澳門,22.2094079738,7302.33
澳門,22.2094079738,7222.22
澳門,22.2094079738,6604.65
澳門,22.2074313232,6408.71
澳門,22.2029316075,6538.46
澳門,22.2016502052,5214.29
澳門,22.1944880433,4934.31
澳門,22.2039498167,8277.25
澳門,22.208682874,6650.54
澳門,22.208682874,6384.52
澳門,22.208682874,6868.2
澳門,22.1863592017,7963.64
澳門,22.2046301926,6882.59
澳門,22.2072823283,8278.39
澳門,22.1912098168,6413.04
澳門,22.2112753368,8469.63
澳門,22.2112753368,8374.38
澳門,22.2091612386,9139.15
澳門,22.2091612386,8851.83
澳門,22.2091612386,8903.14
澳門,22.1861830543,11976.05
澳門,22.2064876861,7518.25
澳門,22.1881103324,6762.47
澳門,22.2091612386,8601.74
澳門,22.2091612386,7957.56
澳門,22.2033885389,7233.16
澳門,22.2011833347,5300.93
澳門,22.2053652465,6685.71
澳門,22.2093583096,8387.1
澳門,22.1820701148,10909.09
澳門,22.2057526382,7129.28
澳門,22.2039498167,8277.25
澳門,22.2072823283,7644.2
澳門,22.2046103263,7091.1
澳門,22.2087027398,4822.04
澳門,22.2077491784,6588.24
澳門,22.2077491784,6588.24
澳門,22.2074313232,6725
澳門,22.1958887167,4970.59
澳門,22.190703175,4898.91
澳門,22.2053751796,9166.67
澳門,22.2046103263,7228.92
澳門,22.1910210681,7152.47
澳門,22.1861830543,12011.88
澳門,22.1861830543,10000
澳門,22.192074084,5264.8
澳門,22.1944118798,8678.41
澳門,22.2104807173,8853.27
澳門,22.2131923379,7235.67
澳門,22.2053751796,8762.89
澳門,22.2047493908,5600
澳門,22.2011833347,5198.33
澳門,22.199166834,6302.31
澳門,22.199166834,5494.29
澳門,22.2124672576,5750
澳門,22.2094874366,5048.08
澳門,22.1879215795,14413.84
澳門,22.2024945414,10286.81
澳門,22.1936933288,7357.14
澳門,22.2053652465,6989.25
澳門,22.2118017698,7850
澳門,22.2053751796,8934
澳門,22.2053751796,8934
澳門,22.206457887,6909.09
澳門,22.2109674223,7802.2
澳門,22.186834,10995.23
澳門,22.2114143948,9685.23
澳門,22.2064876861,7654.92
澳門,22.1945277789,4108.7
澳門,22.2144835673,8114.29
澳門,22.2064828646,6636.36
澳門,22.2087027398,4684.27
澳門,22.2114143948,9978.72
澳門,22.2053751796,8345.02
澳門,22.206457887,6509.09
澳門,22.2091612386,8851.83
澳門,22.2091612386,9905.62
澳門,22.1897991625,6297.23
澳門,22.2074313232,6897.37
澳門,22.2112753368,7363.86
澳門,22.2091612386,8571.43
澳門,22.2066267488,7600
澳門,22.213420787,7152.94
澳門,22.2134406521,7681.16
澳門,22.2144835673,8042.86
澳門,22.2103515912,6400
澳門,22.2118017698,7600
澳門,22.1897991625,6890.76
澳門,22.1898985048,5870.97
澳門,22.2112753368,8898.31
澳門,22.2112753368,8606.17
澳門,22.2091612386,7566.88
澳門,22.2109674223,6871.61
澳門,22.2143544449,6641.79
澳門,22.2074114572,8476.19
澳門,22.2080868988,8268.29
澳門,22.2016502052,5214.29
澳門,22.2109674223,6933.33
澳門,22.1870672212,5933.33
澳門,22.2062294265,7263.78
澳門,22.2114143948,9382.57
澳門,22.2064828646,6572.77
澳門,22.2053652465,6623.93
澳門,22.2114143948,10156.25
澳門,22.1894017925,6207.55
澳門,22.2053751796,8585.09
澳門,22.2080868988,8094.12
澳門,22.188418297,6722.69
澳門,22.188418297,8038.16
澳門,22.188418297,6943.83
澳門,22.188418297,6849.8
澳門,22.1912098168,6304.35
澳門,22.186834,10000
澳門,22.1861830543,13000.79
澳門,22.1861830543,11802.16
澳門,22.2114143948,12500
澳門,22.2114143948,10106.38
澳門,22.2062294265,7270.94
澳門,22.2023753413,5314.29
澳門,22.2091612386,8995.87
澳門,22.1976072544,6535.95
澳門,22.2114143948,10048.43
澳門,22.2114143948,11016.95
澳門,22.1998721159,7264.96
澳門,22.199166834,6222.22
澳門,22.2062294265,6842.11
澳門,22.1910011998,6508.47
澳門,22.208682874,6447.06
澳門,22.186834,9500
澳門,22.2114143948,11144.41
澳門,22.2091612386,9015.72
澳門,22.2091612386,8903.14
澳門,22.2091612386,8999.59
澳門,22.2138578191,6571.43
澳門,22.1861830543,10500
澳門,22.1861830543,10500
澳門,22.210222,9397.43
澳門,22.1929780818,6393.44
澳門,22.2091612386,8903.14
澳門,22.2123977292,7825.11
澳門,22.2074511891,7155.96
澳門,22.2143544449,7016.49
澳門,22.1962662008,6088.5
澳門,22.2093583096,8882.6
澳門,22.2074511891,6892.31
澳門,22.2118017698,7812.5
澳門,22.2074511891,6923.08
澳門,22.206457887,7189.95
澳門,22.2053751796,8635.39
澳門,22.2109674223,7152.78
澳門,22.2112184475,7517.08
澳門,22.2112184475,7692.31
澳門,22.2112184475,7794.87
澳門,22.208682874,6569.77
澳門,22.2112184475,7259.26
澳門,22.2093583096,8506.67
澳門,22.2093583096,7789.47
澳門,22.2093583096,8765.96
澳門,22.2053652465,6644.44
澳門,22.2114143948,9874.69
澳門,22.2114143948,8898.31
澳門,22.2144835673,7946.55
澳門,22.2073976921,9216.34
澳門,22.2053652465,7087.05
澳門,22.2109674223,7142.86
澳門,22.2053751796,7638
澳門,22.2053751796,8578.24
澳門,22.2053751796,8570.29
澳門,22.2053751796,9685.23
澳門,22.208682874,6240.96
澳門,22.2053751796,9468.09
澳門,22.2083054234,6473.68
澳門,22.2074313232,6582.13
澳門,22.2112184475,7753.09
澳門,22.2093583096,7935.48
澳門,22.2027627412,6354.17
澳門,22.2039050682,5523.81
澳門,22.20908,7063.49
澳門,22.2026435414,6549.52
澳門,22.2074313232,6100
澳門,22.2144835673,7819.77
澳門,22.191011134,4875
澳門,22.2102423306,6583.33
澳門,22.2062294265,6610.53
澳門,22.2057526382,6320.91
澳門,22.206457887,6802.22
澳門,22.2087027398,4749.71
澳門,22.2005277268,7746.48
澳門,22.2127354384,7536.97
澳門,22.2114143948,9656.61
澳門,22.208682874,6350
澳門,22.208682874,6475
澳門,22.208682874,6542.06
澳門,22.2074511891,7307.69
澳門,22.2112184475,7104.35
澳門,22.2114143948,9476.25
澳門,22.2112753368,8799.77
澳門,22.2114143948,10216.35
澳門,22.2087027398,4655.17
澳門,22.1964549424,5666.67
澳門,22.2053751796,9166.67
澳門,22.2112753368,8387.91
澳門,22.2109674223,7040
澳門,22.2094874366,5048.08
澳門,22.2114143948,10192.31
澳門,22.2093583096,7935.48
澳門,22.2112753368,9152.54
澳門,22.2025541414,5901.64
澳門,22.2091612386,7566.88
澳門,22.213420787,7592.14
澳門,22.188507706,7450.16
澳門,22.2144835673,8071.43
澳門,22.2109674223,7173.33
澳門,22.2098648841,5350
澳門,22.1926800612,5058.82
澳門,22.2001601877,5408.65
澳門,22.2137584938,7186.05
澳門,22.2036468038,7920.53
澳門,22.2033388725,6773.4
澳門,22.2039050682,5750
澳門,22.208682874,6722.89
澳門,22.208682874,6626.51
澳門,22.208682874,6375
澳門,22.208682874,6875
澳門,22.208682874,6588.24
澳門,22.208682874,6564.71
澳門,22.201282669,7284.77
澳門,22.1582941715,7812.5
澳門,22.2094079738,6125
澳門,22.190703175,7981.22
澳門,22.2033289392,3936.76
澳門,22.2120202885,7076.92
澳門,22.2074313232,6384.25
澳門,22.2064876861,7038.41
澳門,22.2080868988,8390.24
澳門,22.2083054234,5937.5
澳門,22.2068552087,6143.08
澳門,22.206457887,7098.87
澳門,22.1861830543,12054.33
澳門,22.2144835673,8071.43
澳門,22.2104807173,8611.11