6800.0,22.2046301926,113.5560607910
6106.67,22.2129539557,113.5461473465
8000.0,22.2112753368,113.5565221310
7632.48,22.1998721159,113.5539042950
7347.37,22.2123977292,113.5537326336
10279.33,22.1861830543,113.5459113121
7925.26,22.2102220000,113.5576490000
8631.23,22.2112753368,113.5565221310
5469.92,22.1952827533,113.5538291931
10000.0,22.1879215795,113.5368883610
8531.11,22.2091612386,113.5578549528
8632.27,22.1899978471,113.5396456718
9035.43,22.2053751796,113.5409975052
4063.14,22.1883785597,113.5328221321
4548.83,22.1967827563,113.5478425026
6263.6,22.2086828740,113.5559105873
5682.54,22.2029514741,113.5434544086
6465.52,22.2083054234,113.5536682606
6426.55,22.2126460449,113.5480463505
5100.67,22.1982628760,113.5438621044
8668.48,22.2074114572,113.5445058346
7349.54,22.2102423306,113.5554921627
7349.54,22.2102423306,113.5554921627
7658.54,22.2112184475,113.5547783436
7975.0,22.2112184475,113.5547783436
8458.27,22.2093583096,113.5565543175
8882.6,22.2093583096,113.5565543175
8640.23,22.2093583096,113.5565543175
8769.45,22.2093583096,113.5565543175
8458.27,22.2093583096,113.5565543175
7173.33,22.2131923379,113.5488724709
7226.46,22.2131923379,113.5488724709
7307.21,22.2131923379,113.5488724709
7235.67,22.2131923379,113.5488724709
6932.52,22.1927893355,113.5472095013
8282.21,22.1927893355,113.5472095013
8266.0,22.2035158040,113.5414773320
8390.3,22.2035158040,113.5414773320
6725.0,22.2074313232,113.5548377037
6738.46,22.2118117024,113.5526382923
7815.38,22.1944582416,113.5430574417
7075.47,22.2057526382,113.5528957844
6237.5,22.2094079738,113.5544514656
8141.11,22.2066267488,113.5397529602
6802.22,22.2064578870,113.5557603836
5967.3,22.2049182547,113.5519301891
6636.36,22.2064578870,113.5557603836
6636.36,22.2064578870,113.5557603836
7753.09,22.2118017698,113.5534214973
6633.33,22.2098648841,113.5522949696
4081.63,22.2002098552,113.5386586189
4695.05,22.2087027398,113.5490119457
4863.31,22.1999714511,113.5442054272
9435.17,22.2053751796,113.5409975052
6255.81,22.2086828740,113.5559105873
8000.0,22.2108581621,113.5470592976
7125.0,22.2109674223,113.5461473465
7252.75,22.2109674223,113.5461473465
6180.56,22.2129539557,113.5461473465
5725.0,22.2057526382,113.5528957844
7091.25,22.2057526382,113.5528957844
6935.78,22.2053652465,113.5412120819
8113.98,22.2066267488,113.5397529602
7680.0,22.2066267488,113.5397529602
7266.67,22.2144835673,113.5509538651
7301.59,22.1944582416,113.5430574417
6075.27,22.2053652465,113.5412120819
6451.61,22.2076597817,113.5429716110
5509.09,22.2036468038,113.5433256626
3995.0,22.1928390056,113.5514473915
5237.5,22.1929780818,113.5517370701
5584.0,22.1927694675,113.5484218597
5975.0,22.2074313232,113.5548377037
5976.47,22.2077491784,113.5505568981
4294.74,22.2087027398,113.5490119457
5334.44,22.1897991625,113.5489261150
6113.21,22.1894017925,113.5516405106
6611.4,22.2033885389,113.5400104523
8205.88,22.2134406521,113.5535609722
7706.67,22.2066267488,113.5397529602
7923.08,22.2053751796,113.5409975052
8585.09,22.2053751796,113.5409975052
5436.36,22.2036468038,113.5433256626
8214.29,22.2036468038,113.5433256626
6690.91,22.2064828646,113.5558621041
5250.0,22.2002098552,113.5386586189
8000.0,22.2144835673,113.5509538651
4584.27,22.2087027398,113.5490119457
7888.89,22.2144835673,113.5509538651
9031.58,22.2053751796,113.5409975052
7425.0,22.2091612386,113.5578549528
5600.0,22.2047493908,113.5471773148
6375.0,22.2064578870,113.5557603836
6363.64,22.2064578870,113.5557603836
4988.07,22.1953224887,113.5447847843
4042.35,22.2011535344,113.5407400131
5584.0,22.1927694675,113.5484218597
4674.7,22.2047394576,113.5421562195
7037.04,22.2053652465,113.5412120819
6000.0,22.2053652465,113.5412120819
6605.71,22.2053652465,113.5412120819
7973.33,22.2066267488,113.5397529602
8614.07,22.2053751796,113.5409975052
8054.88,22.2053751796,113.5409975052
7160.0,22.2103515912,113.5510611534
8625.0,22.2034779383,113.5478746891
7308.87,22.2074511891,113.5567903519
10211.52,22.2114143948,113.5585820675
7644.44,22.2149007312,113.5502886772
7600.0,22.2066267488,113.5397529602
8716.71,22.2053751796,113.5409975052
5367.09,22.1930070771,113.5503671889
7584.54,22.2112184475,113.5547783436
7976.8,22.2102220000,113.5576490000
6506.67,22.2083054234,113.5536682606
6037.74,22.1874844666,113.5489904881
7871.49,22.1874844666,113.5489904881
6557.09,22.1888156698,113.5520267487
11001.7,22.1861830543,113.5459113121
12232.42,22.1861830543,113.5459113121
11743.12,22.1861830543,113.5459113121
7142.86,22.2090800000,113.5361110000
8253.09,22.2112753368,113.5565221310
7928.52,22.2112753368,113.5565221310
8387.91,22.2112753368,113.5565221310
10599.46,22.2114143948,113.5585820675
7800.0,22.2027627412,113.5505783558
7954.55,22.2074114572,113.5445058346
9000.0,22.2064578870,113.5557603836
8333.33,22.2064578870,113.5557603836
9021.23,22.2091612386,113.5578549528
8903.14,22.2091612386,113.5578549528
7242.42,22.2074511891,113.5567903519
9493.67,22.2091612386,113.5578549528
6285.71,22.2074313232,113.5548377037
7200.0,22.2064828646,113.5558621041
6640.0,22.2129539557,113.5461473465
8742.39,22.2072823283,113.5435509682
6784.66,22.1944582416,113.5430574417
8000.0,22.2066267488,113.5397529602
8571.43,22.2091612386,113.5578549528
6497.58,22.2074313232,113.5548377037
7925.26,22.2102220000,113.5576490000
5948.37,22.1961569292,113.5435080528
5512.61,22.2020078070,113.5443341732
9830.51,22.2114143948,113.5585820675
6285.71,22.2074313232,113.5548377037
6484.85,22.2057526382,113.5528957844
7989.69,22.2102220000,113.5576490000
7809.22,22.2102423306,113.5554921627
6741.85,22.2074313232,113.5548377037
5669.72,22.1928390056,113.5514473915
6233.24,22.1929383458,113.5526061058
4914.0,22.1874844666,113.5489904881
6987.34,22.1582941715,113.5578203201
8222.22,22.2066267488,113.5397529602
6219.81,22.2086828740,113.5559105873
7417.68,22.1862923337,113.5494625568
7000.0,22.2012826690,113.5417914391
6532.26,22.2063088910,113.5454392433
5162.09,22.1926800612,113.5509967804
5061.73,22.2026038080,113.5497736931
8444.04,22.2053751796,113.5409975052
7573.33,22.2066267488,113.5397529602
5800.0,22.2053652465,113.5412120819
8508.6,22.2053751796,113.5409975052
8066.67,22.2074114572,113.5445058346
8360.05,22.2104807173,113.5433149338
6864.86,22.2012826690,113.5417914391
5851.85,22.2036468038,113.5433256626
7325.3,22.2112184475,113.5547783436
6350.0,22.2086828740,113.5559105873
7038.41,22.2064876861,113.5543441772
6160.49,22.2094079738,113.5544514656
5916.67,22.2083054234,113.5536682606
6195.12,22.2086828740,113.5559105873
6640.0,22.2046301926,113.5560607910
8857.14,22.2112753368,113.5565221310
10399.03,22.2114143948,113.5585820675
8838.32,22.2114143948,113.5585820675
6580.0,22.2033885389,113.5400104523
6923.08,22.2143544449,113.5447418690
6785.24,22.2109674223,113.5461473465
7236.84,22.1981238050,113.5394847393
6469.5,22.2064578870,113.5557603836
6030.3,22.2064578870,113.5557603836
6100.0,22.2074313232,113.5548377037
6636.36,22.2074511891,113.5567903519
6363.64,22.2064578870,113.5557603836
7063.49,22.2090800000,113.5361110000
6024.69,22.2074313232,113.5548377037
8604.21,22.2053751796,113.5409975052
8721.21,22.2053751796,113.5409975052
8313.16,22.2053751796,113.5409975052
8169.29,22.2053751796,113.5409975052
7173.33,22.2109674223,113.5461473465
7129.28,22.2057526382,113.5528957844
7400.0,22.2144835673,113.5509538651
8695.65,22.2034183387,113.5380148888
5321.43,22.2000310521,113.5412657261
6577.32,22.2033885389,113.5400104523
6735.75,22.2033885389,113.5400104523
8114.29,22.2144835673,113.5509538651
8690.18,22.2034183387,113.5380148888
8680.69,22.2053751796,113.5409975052
8464.57,22.2053751796,113.5409975052
6818.18,22.2012826690,113.5417914391
6280.0,22.1928390056,113.5514473915
7173.33,22.2109674223,113.5461473465
4937.5,22.1952827533,113.5538291931
5105.26,22.2093682424,113.5488080978
6533.55,22.2026435414,113.5376286507
8635.39,22.2053751796,113.5409975052
9405.68,22.2108581621,113.5470592976
8861.99,22.2053751796,113.5409975052
6425.34,22.2049182547,113.5519301891
4766.58,22.2092788467,113.5438084602
6406.73,22.1894017925,113.5516405106
6132.08,22.1894017925,113.5516405106
9277.9,22.1902743809,113.5330983908
7753.09,22.2112184475,113.5547783436
6725.0,22.2074313232,113.5548377037
7892.38,22.2134406521,113.5535609722
6468.93,22.2126460449,113.5480463505
8063.49,22.1944582416,113.5430574417
7469.88,22.2109674223,113.5461473465
8240.0,22.2066267488,113.5397529602
5573.03,22.2102224650,113.5382831097
6827.96,22.2012826690,113.5417914391
6584.91,22.1894017925,113.5516405106
8736.84,22.2072823283,113.5435509682
6572.77,22.2064578870,113.5557603836
5604.5,22.1907031750,113.5467374325
6695.57,22.2046301926,113.5560607910
7127.27,22.1582941715,113.5578203201
8804.35,22.2074114572,113.5445058346
6538.46,22.2029316075,113.5381758213
6746.77,22.2064578870,113.5557603836
4355.4,22.2086232766,113.5440123081
5903.61,22.1874844666,113.5489904881
6566.67,22.2076597817,113.5429716110
6359.74,22.2112184475,113.5547783436
11529.59,22.1861830543,113.5459113121
9591.33,22.2053751796,113.5409975052
7727.27,22.2102423306,113.5554921627
8580.65,22.2093583096,113.5565543175
5028.57,22.2036567370,113.5485506058
4871.79,22.1909117925,113.5476064682
3995.0,22.1928390056,113.5514473915
6325.3,22.2074313232,113.5548377037
6467.66,22.2086828740,113.5559105873
6870.75,22.2091695853,113.5435187817
7230.77,22.2074511891,113.5567903519
6610.17,22.2083054234,113.5536682606
6319.44,22.2129539557,113.5461473465
6892.31,22.2074511891,113.5567903519
7133.33,22.2118117024,113.5526382923
4280.0,22.1882692819,113.5313737392
5386.57,22.2002098552,113.5386586189
6430.77,22.2064578870,113.5557603836
6916.67,22.2098648841,113.5522949696
5384.62,22.2049182547,113.5519301891
6972.48,22.2053652465,113.5412120819
7129.28,22.2057526382,113.5528957844
6617.38,22.2064828646,113.5558621041
7753.09,22.2118017698,113.5534214973
7210.53,22.2144736348,113.5516083241
6420.05,22.2086828740,113.5559105873
7850.0,22.2118017698,113.5534214973
7159.53,22.2064578870,113.5557603836
10626.7,22.2114143948,113.5585820675
10291.26,22.2114143948,113.5585820675
7599.21,22.2090800000,113.5361110000
5600.0,22.2005575273,113.5435616970
6240.96,22.2086828740,113.5559105873
6085.37,22.2094079738,113.5544514656
5879.52,22.2074313232,113.5548377037
5879.52,22.2074313232,113.5548377037
7609.76,22.1944582416,113.5430574417
8846.15,22.2091612386,113.5578549528
7565.89,22.2074511891,113.5567903519
5993.15,22.1961668630,113.5408794880
5555.56,22.1985310839,113.5442054272
7393.94,22.2074511891,113.5567903519
5678.57,22.1995145086,113.5397207737
4418.6,22.1876831545,113.5368025303
7539.12,22.2127354384,113.5507071018
5653.27,22.1882692819,113.5313737392
7956.99,22.2093583096,113.5565543175
6029.68,22.1929780818,113.5364592075
8090.23,22.2134406521,113.5535609722
7390.11,22.2109674223,113.5461473465
6829.27,22.2033388725,113.5420596600
6393.44,22.1905480602,113.5526962476
9297.85,22.2102220000,113.5576490000
4904.11,22.1915575111,113.5351610184
12232.42,22.1861830543,113.5459113121
8903.14,22.2091612386,113.5578549528
8635.39,22.2053751796,113.5409975052
5341.54,22.2015111375,113.5526382923
6549.52,22.2026435414,113.5376286507
4928.57,22.2046202594,113.5459113121
4775.76,22.2015111375,113.5526382923
7208.39,22.1981238050,113.5394847393
11028.04,22.2017131167,113.5474120118
6429.63,22.2036468038,113.5433256626
8787.88,22.1872857785,113.5340237617
7850.0,22.2118017698,113.5534214973
6872.73,22.2057526382,113.5528957844
6604.65,22.2086828740,113.5559105873
6866.57,22.2143544449,113.5447418690
6633.33,22.2098648841,113.5522949696
5424.59,22.2002098552,113.5386586189
7841.03,22.2093583096,113.5565543175
7212.77,22.1921237543,113.5388731956
5971.09,22.2026435414,113.5376286507
7957.47,22.2102220000,113.5576490000
10056.82,22.1868340000,113.5494090000
7142.86,22.2090800000,113.5361110000
7969.23,22.2066267488,113.5397529602
8179.49,22.2112184475,113.5547783436
6547.93,22.1927893355,113.5472095013
7956.99,22.2093583096,113.5565543175
8659.4,22.2091612386,113.5578549528
8580.65,22.2093583096,113.5565543175
6350.0,22.2086828740,113.5559105873
6000.0,22.2057526382,113.5528957844
8518.52,22.2112753368,113.5565221310
8678.5,22.2025740081,113.5480999947
6367.04,22.1992661697,113.5442805290
11011.9,22.1861830543,113.5459113121
6651.02,22.2064578870,113.5557603836
9001.64,22.2091612386,113.5578549528
5582.09,22.1925608528,113.5505568981
3585.4,22.2035673377,113.5410404205
9043.58,22.2091612386,113.5578549528
5037.97,22.1878421045,113.5351395607
8506.67,22.2093583096,113.5565543175
9455.62,22.2091612386,113.5578549528
4625.0,22.1910111340,113.5476064682
8759.49,22.2112753368,113.5565221310
5569.89,22.2066962801,113.5449457169
6517.78,22.1886368522,113.5496556759
8773.33,22.2093583096,113.5565543175
8156.5,22.2112753368,113.5565221310
9181.14,22.2091612386,113.5578549528
7361.11,22.2109674223,113.5461473465
8934.62,22.2114143948,113.5585820675
7291.67,22.2109674223,113.5461473465
8830.55,22.2102220000,113.5576490000
11500.82,22.1861830543,113.5459113121
12500.0,22.1861830543,113.5459113121
12858.4,22.1861830543,113.5459113121
7840.67,22.2102423306,113.5554921627
8564.81,22.2112753368,113.5565221310
8644.69,22.2072823283,113.5435509682
5869.57,22.1912098168,113.5523378849
7503.32,22.2022064743,113.5507392883
6925.95,22.2009647991,113.5539579391
8046.15,22.2066267488,113.5397529602
6864.41,22.1881103324,113.5522413254
8239.52,22.2149007312,113.5502886772
4355.4,22.2086232766,113.5440123081
6376.59,22.1992661697,113.5442805290
3985.19,22.2012230685,113.5433685780
6583.33,22.2102423306,113.5554921627
6843.37,22.2086828740,113.5559105873
6509.8,22.1976072544,113.5460078716
4548.83,22.1967827563,113.5478425026
5063.61,22.2016899388,113.5508680344
8374.38,22.2112753368,113.5565221310
7289.97,22.2109674223,113.5461473465
10133.01,22.2114143948,113.5585820675
8677.42,22.1944582416,113.5430574417
6382.98,22.2083054234,113.5536682606
9042.55,22.2053751796,113.5409975052
7106.67,22.2109674223,113.5461473465
7973.33,22.2066267488,113.5397529602
5586.78,22.2049182547,113.5519301891
6791.04,22.1944582416,113.5430574417
7828.57,22.2134406521,113.5535609722
5250.0,22.2002098552,113.5386586189
6636.36,22.2057526382,113.5528957844
5788.18,22.2074313232,113.5548377037
4497.18,22.2087027398,113.5490119457
7266.67,22.2144835673,113.5509538651
6138.46,22.2039050682,113.5482072830
7745.9,22.1582941715,113.5578203201
5206.35,22.1991171661,113.5379612446
5408.65,22.2001601877,113.5425746441
4705.88,22.1995145086,113.5397207737
7240.0,22.2109674223,113.5461473465
7079.48,22.2064578870,113.5557603836
4360.19,22.1882692819,113.5313737392
9600.0,22.2091612386,113.5578549528
7733.33,22.2029514741,113.5496020317
5706.67,22.1907528459,113.5359120369
7804.35,22.2023554746,113.5472953320
6353.59,22.1886368522,113.5496556759
6187.5,22.1966138826,113.5461151600
6475.0,22.2086828740,113.5559105873
6340.58,22.2074313232,113.5548377037
6917.15,22.2046301926,113.5560607910
7450.16,22.1885077060,113.5372316837
7350.0,22.2094079738,113.5544514656
6724.47,22.2046301926,113.5560607910
6625.77,22.1927893355,113.5472095013
6636.36,22.2064578870,113.5557603836
5952.38,22.1910210681,113.5382616520
8989.11,22.2032792728,113.5489583015
8742.39,22.2072823283,113.5435509682
8571.43,22.2074114572,113.5445058346
8108.11,22.2066267488,113.5397529602
6404.49,22.1886368522,113.5496556759
6429.91,22.1928787417,113.5393452644
6565.84,22.1894017925,113.5516405106
5282.35,22.2010144663,113.5512220860
7172.13,22.1898985048,113.5529494286
5046.08,22.1991171661,113.5379612446
7480.14,22.2144736348,113.5516083241
7302.23,22.2036170040,113.5379397869
7667.09,22.2036468038,113.5433256626
6970.85,22.1993754388,113.5415983200
6563.71,22.2051367842,113.5458254814
6759.91,22.2086828740,113.5559105873
6470.59,22.2077491784,113.5505568981
7152.47,22.1910210681,113.5382616520
7449.61,22.1907031750,113.5514152050
5990.0,22.2015111375,113.5526382923
7858.55,22.1872857785,113.5340237617
6835.82,22.2143544449,113.5447418690
7170.37,22.2108581621,113.5470592976
4444.44,22.1882692819,113.5313737392
5048.08,22.2094874366,113.5365879536
6336.63,22.2126460449,113.5480463505
6741.94,22.2064578870,113.5557603836
5800.0,22.2049182547,113.5519301891
6725.0,22.2074313232,113.5548377037
6725.0,22.2074313232,113.5548377037
6350.0,22.2074313232,113.5548377037
4898.91,22.1907031750,113.5467374325
6384.52,22.2086828740,113.5559105873
8058.82,22.2080868988,113.5500741005
13497.45,22.1861830543,113.5459113121
12600.0,22.1861830543,113.5459113121
12770.75,22.1861830543,113.5459113121
7504.27,22.1998721159,113.5539042950
9793.51,22.2114143948,113.5585820675
11900.0,22.1861830543,113.5459113121
7588.08,22.2002098552,113.5386586189
7470.82,22.2109674223,113.5461473465
7956.99,22.2093583096,113.5565543175
7395.83,22.1885077060,113.5372316837
12004.35,22.1861830543,113.5459113121
6406.73,22.1894017925,113.5516405106
9253.73,22.2053751796,113.5409975052
6867.47,22.2074313232,113.5548377037
7461.77,22.2074511891,113.5567903519
5878.14,22.1995145086,113.5397207737
8600.77,22.2053751796,113.5409975052
5971.09,22.2026435414,113.5376286507
8000.0,22.2144835673,113.5509538651
4628.57,22.2087027398,113.5490119457
9661.02,22.2114143948,113.5585820675
8635.39,22.2053751796,113.5409975052
4285.71,22.2010542001,113.5411906242
8181.1,22.2053751796,113.5409975052
8114.29,22.2144835673,113.5509538651
7133.33,22.2109674223,113.5461473465
6241.05,22.2074313232,113.5548377037
9685.23,22.2114143948,113.5585820675
8172.04,22.2093583096,113.5565543175
4822.04,22.2087027398,113.5490119457
5063.61,22.2016899388,113.5508680344
5487.92,22.2034481385,113.5400533676
7333.33,22.2109674223,113.5461473465
8458.27,22.2093583096,113.5565543175
6000.0,22.2074313232,113.5548377037
8236.74,22.2104807173,113.5433149338
6421.05,22.2046301926,113.5560607910
6580.0,22.2033885389,113.5400104523
8240.0,22.2074114572,113.5445058346
7629.63,22.2112184475,113.5547783436
6371.95,22.2064828646,113.5558621041
8297.01,22.2053751796,113.5409975052
5800.0,22.2053652465,113.5412120819
7868.02,22.2112184475,113.5547783436
8462.24,22.2053751796,113.5409975052
6302.73,22.2086828740,113.5559105873
6733.33,22.2012826690,113.5417914391
7210.53,22.2144736348,113.5516083241
6560.98,22.2094079738,113.5544514656
6738.46,22.2074511891,113.5567903519
10374.85,22.2114143948,113.5585820675
8091.6,22.2114143948,113.5585820675
10558.58,22.2114143948,113.5585820675
8898.31,22.2114143948,113.5585820675
9891.44,22.2114143948,113.5585820675
9746.68,22.2114143948,113.5585820675
8543.31,22.2053751796,113.5409975052
12909.88,22.1861830543,113.5459113121
13374.13,22.1861830543,113.5459113121
4602.15,22.2026236747,113.5421776772
10884.35,22.1861830543,113.5459113121
5338.98,22.1901965314,113.5337662697
9793.25,22.1868340000,113.5494090000
6925.62,22.1907925825,113.5359978676
9945.24,22.1902743809,113.5330983908
10000.0,22.1868340000,113.5494090000
10866.14,22.1902743809,113.5330983908
6352.46,22.1905480602,113.5526962476
9038.92,22.2053751796,113.5409975052
7115.9,22.2046301926,113.5560607910
6181.65,22.1881103324,113.5522413254
10028.05,22.2053751796,113.5409975052
6331.52,22.1912098168,113.5523378849
6338.03,22.1912098168,113.5523378849
7555.28,22.2134207870,113.5508143902
5760.87,22.1905480602,113.5526962476
6469.17,22.2074313232,113.5548377037
8000.0,22.2066267488,113.5397529602
8265.5,22.2102220000,113.5576490000
8531.75,22.2112753368,113.5565221310
6297.23,22.1897991625,113.5489261150
7000.0,22.1926105230,113.5481107235
6638.89,22.2129539557,113.5461473465
10762.94,22.2114143948,113.5585820675
6725.0,22.2086828740,113.5559105873
6875.0,22.2086828740,113.5559105873
8237.23,22.1884182970,113.5485291481
7333.33,22.2144736348,113.5516083241
9500.0,22.2114143948,113.5585820675
6521.74,22.1912098168,113.5523378849
8333.33,22.2064578870,113.5557603836
4937.5,22.1952827533,113.5538291931
11437.07,22.1861830543,113.5459113121
11394.56,22.1861830543,113.5459113121
8415.84,22.2093583096,113.5565543175
6293.71,22.2129539557,113.5461473465
4929.97,22.1961668630,113.5408794880
5225.36,22.1878321701,113.5496020317
12500.0,22.1861830543,113.5459113121
6857.86,22.2074313232,113.5548377037
7600.0,22.2030408739,113.5477888584
5600.0,22.2049182547,113.5519301891
6526.87,22.1976072544,113.5460078716
6222.22,22.2027130746,113.5495698452
4869.28,22.2004581925,113.5434329510
8816.86,22.2053751796,113.5409975052
5777.78,22.1961668630,113.5408794880
11500.0,22.1861830543,113.5459113121
9147.12,22.2053751796,113.5409975052
7495.88,22.1884182970,113.5485291481
10000.0,22.2118117024,113.5526382923
6388.89,22.2129539557,113.5461473465
5638.3,22.2016800054,113.5449779034
6746.77,22.2064828646,113.5558621041
7507.69,22.2127851015,113.5507285595
6981.71,22.2064828646,113.5558621041
8136.48,22.2127851015,113.5507285595
6225.0,22.2057526382,113.5528957844
6028.83,22.2057526382,113.5528957844
8920.94,22.2073976921,113.5446143859
6909.09,22.2057526382,113.5528957844
7200.0,22.2057526382,113.5528957844
6395.81,22.2057526382,113.5528957844
5600.0,22.2057526382,113.5528957844
7545.45,22.2057526382,113.5528957844
6511.09,22.2086828740,113.5559105873
6987.06,22.2064828646,113.5558621041
6531.25,22.2064828646,113.5558621041
6475.0,22.2086828740,113.5559105873
6626.51,22.2074313232,113.5548377037
6604.65,22.2074313232,113.5548377037
7173.33,22.2109674223,113.5461473465
7133.33,22.2109674223,113.5461473465
6497.58,22.2086828740,113.5559105873
7428.57,22.1944582416,113.5430574417
7548.39,22.1944582416,113.5430574417
8032.26,22.1944582416,113.5430574417
8206.19,22.1944582416,113.5430574417
5870.97,22.1898985048,113.5529494286
6825.17,22.2049182547,113.5519301891
10106.38,22.2114143948,113.5585820675
8438.82,22.2112753368,113.5565221310
6778.17,22.1912098168,113.5523378849
6699.75,22.1886368522,113.5496556759
6771.65,22.2062294265,113.5504066944
6574.39,22.1888156698,113.5520267487
10500.0,22.1884182970,113.5485291481
7973.33,22.2066267488,113.5397529602
8000.0,22.2066267488,113.5397529602
7111.11,22.2123977292,113.5537326336
7724.87,22.2090800000,113.5361110000
7753.09,22.2118017698,113.5534214973
8917.2,22.2053751796,113.5409975052
5000.0,22.2094874366,113.5365879536
6505.44,22.2074313232,113.5548377037
6600.0,22.2074313232,113.5548377037
4898.91,22.1907031750,113.5467374325
6313.83,22.1907031750,113.5467374325
6447.99,22.1907031750,113.5467374325
8903.14,22.2091612386,113.5578549528
8934.62,22.2114143948,113.5585820675
7967.84,22.2073976921,113.5446143859
7416.67,22.2118117024,113.5526382923
7651.16,22.2102423306,113.5554921627
6833.33,22.2118117024,113.5526382923
7100.0,22.2094079738,113.5544514656
7300.0,22.2118117024,113.5526382923
6631.58,22.2062294265,113.5504066944
6142.51,22.2050275195,113.5601162910
9050.85,22.2112753368,113.5565221310
6853.53,22.2109674223,113.5461473465
4394.9,22.1882692819,113.5313737392
7067.57,22.2053652465,113.5412120819
6756.76,22.2029316075,113.5381758213
7300.0,22.2118117024,113.5526382923
5814.81,22.2036468038,113.5433256626
11984.61,22.1861830543,113.5459113121
8226.6,22.2104807173,113.5433149338
7600.0,22.2036468038,113.5433256626
8666.67,22.2093583096,113.5565543175
7538.46,22.2112184475,113.5547783436
6363.64,22.2064578870,113.5557603836
6475.0,22.2086828740,113.5559105873
6610.53,22.2083054234,113.5536682606
7056.45,22.2053652465,113.5412120819
8387.1,22.2093583096,113.5565543175
7289.97,22.2109674223,113.5461473465
4627.4,22.2094874366,113.5365879536
7850.0,22.2118017698,113.5534214973
6643.55,22.2026435414,113.5376286507
6828.57,22.2028422078,113.5382616520
7074.47,22.1921237543,113.5388731956
7779.35,22.2144835673,113.5509538651
7278.61,22.2131923379,113.5488724709
4235.29,22.2018290062,113.5517799854
9499.36,22.2053751796,113.5409975052
4055.84,22.1928390056,113.5514473915
4994.45,22.2079677035,113.5494410992
5685.71,22.2049182547,113.5519301891
7263.78,22.2062294265,113.5504066944
6388.89,22.2034084054,113.5545265675
6562.5,22.1995045750,113.5484004021
3217.46,22.2008157974,113.5489690304
5560.0,22.1978158616,113.5424780846
5736.78,22.2005277268,113.5490870476
5737.7,22.2005277268,113.5490870476
7980.65,22.2046103263,113.5535180569
8148.15,22.2025740081,113.5480999947
6818.73,22.2029514741,113.5496020317
4898.91,22.1907031750,113.5467374325
7806.28,22.1884182970,113.5485291481
4437.01,22.2102224650,113.5382831097
4922.64,22.1940012812,113.5446882248
6538.46,22.2029316075,113.5381758213
5923.57,22.2039150014,113.5428857803
8734.18,22.2112753368,113.5565221310
7753.09,22.2118017698,113.5534214973
6741.85,22.2086828740,113.5559105873
8272.95,22.2046103263,113.5535180569
6818.65,22.2033885389,113.5400104523
4800.0,22.2087027398,113.5490119457
5194.03,22.2094874366,113.5365879536
6560.98,22.2074313232,113.5548377037
7560.0,22.1582941715,113.5578203201
7037.04,22.2053652465,113.5412120819
7450.16,22.1885077060,113.5372316837
7507.69,22.2074511891,113.5567903519
8903.14,22.2091612386,113.5578549528
7500.0,22.1881103324,113.5522413254
4430.52,22.1901766629,113.5345494747
9288.06,22.1902743809,113.5330983908
5000.0,22.2013422695,113.5537219048
4059.96,22.1928390056,113.5514473915
7690.44,22.2053751796,113.5409975052
10975.18,22.1872857785,113.5340237617
9926.92,22.2114143948,113.5585820675
7937.61,22.2013422695,113.5537219048
7418.7,22.1948059279,113.5542690754
8078.87,22.2051864500,113.5510396957
6884.62,22.2120202885,113.5512435436
6195.12,22.2086828740,113.5559105873
6195.12,22.2086828740,113.5559105873
8014.57,22.2102220000,113.5576490000
5555.56,22.1983824443,113.5423474592
6120.48,22.2074313232,113.5548377037
5951.22,22.2074313232,113.5548377037
6843.75,22.2064578870,113.5557603836
7016.49,22.2143544449,113.5447418690
6549.52,22.2026435414,113.5376286507
7741.12,22.2036468038,113.5433256626
8930.48,22.2073976921,113.5446143859
7573.53,22.2094079738,113.5544514656
6642.86,22.2086828740,113.5559105873
5395.68,22.2001601877,113.5425746441
6866.57,22.2143544449,113.5447418690
7266.67,22.2109674223,113.5461473465
7306.67,22.2109674223,113.5461473465
7181.82,22.2109674223,113.5461473465
6505.44,22.2074313232,113.5548377037
6226.42,22.2074313232,113.5548377037
5828.57,22.1966734851,113.5399675369
5870.97,22.1898985048,113.5529494286
6843.75,22.2064578870,113.5557603836
9139.15,22.2091612386,113.5578549528
6882.85,22.2033885389,113.5400104523
7129.28,22.2057526382,113.5528957844
6936.42,22.2100933387,113.5443341732
7812.5,22.1582941715,113.5578203201
7027.46,22.2005277268,113.5490870476
4072.29,22.2030806071,113.5413944721
5629.63,22.2036468038,113.5433256626
6142.51,22.2050275195,113.5601162910
6500.54,22.2076597817,113.5429716110
4576.47,22.1901766629,113.5345494747
4570.55,22.2039050682,113.5429608822
4139.26,22.2034481385,113.5400533676
8472.91,22.2080868988,113.5500741005
7307.69,22.2074511891,113.5567903519
6690.91,22.2064828646,113.5558621041
6577.54,22.2021766742,113.5451495647
6134.55,22.2141955249,113.5456860065
8415.84,22.2093583096,113.5565543175
6500.0,22.2098648841,113.5522949696
6031.75,22.1966734851,113.5399675369
8600.77,22.2053751796,113.5409975052
7056.37,22.1956801067,113.5380041599
7600.0,22.2036468038,113.5433256626
9604.52,22.2053751796,113.5409975052
9443.1,22.2053751796,113.5409975052
6588.24,22.2077491784,113.5505568981
4730.16,22.1883090193,113.5337984562
7500.0,22.2027627412,113.5505783558
6870.08,22.2047791903,113.5430359840
7554.14,22.2091612386,113.5578549528
7568.97,22.1995045750,113.5484004021
6720.58,22.1984317477,113.5442161560
6277.71,22.2086828740,113.5559105873
6542.86,22.2103515912,113.5510611534
5007.26,22.2027627412,113.5425639153
7956.99,22.2093583096,113.5565543175
4822.04,22.2087027398,113.5490119457
6363.64,22.2064578870,113.5557603836
7600.0,22.2066267488,113.5397529602
6588.24,22.2086828740,113.5559105873
5181.55,22.1909117925,113.5476064682
8390.24,22.2080868988,113.5500741005
10626.7,22.2114143948,113.5585820675
8495.68,22.2112753368,113.5565221310
6725.0,22.2028422078,113.5382616520
8506.67,22.2093583096,113.5565543175
8044.08,22.2090800000,113.5361110000
6802.22,22.2064828646,113.5558621041
7749.47,22.2105800450,113.5477995872
8585.09,22.2053751796,113.5409975052
4355.4,22.2086232766,113.5440123081
6240.96,22.2086828740,113.5559105873
7236.84,22.2046103263,113.5535180569
7357.14,22.2053652465,113.5412120819
7909.32,22.2036468038,113.5433256626
8106.67,22.2144736348,113.5516083241
6493.51,22.1894017925,113.5516405106
8628.01,22.2093583096,113.5565543175
6470.59,22.2077491784,113.5505568981
15715.54,22.2017131167,113.5474120118
7142.86,22.2090800000,113.5361110000
7168.54,22.1910210681,113.5382616520
5600.0,22.2039050682,113.5429608822
7757.28,22.2027627412,113.5505783558
4355.4,22.2086232766,113.5440123081
6589.29,22.2021766742,113.5451495647
7827.96,22.2093583096,113.5565543175
8687.07,22.2025740081,113.5480999947
6480.0,22.2129539557,113.5461473465
5880.92,22.1930070771,113.5503671889
6456.14,22.2138578191,113.5452783108
6971.58,22.1956105699,113.5420811176
5685.71,22.2049182547,113.5519301891
7088.89,22.2053652465,113.5412120819
10675.13,22.1998323818,113.5472846031
7076.92,22.2120202885,113.5512435436
6549.3,22.2053652465,113.5412120819
6364.92,22.2053652465,113.5412120819
7989.69,22.2102220000,113.5576490000
6538.46,22.2029316075,113.5381758213
6843.75,22.2064578870,113.5557603836
8415.84,22.2093583096,113.5565543175
4884.55,22.1883884940,113.5370278358
8140.26,22.2102220000,113.5576490000
7925.26,22.2102220000,113.5576490000
6865.08,22.2090800000,113.5361110000
5600.0,22.2039050682,113.5429608822
7935.48,22.2093583096,113.5565543175
7423.25,22.2046103263,113.5535180569
8274.98,22.2053751796,113.5409975052
6909.09,22.1894017925,113.5516405106
7956.99,22.2093583096,113.5565543175
6641.98,22.2074313232,113.5548377037
9216.34,22.2073976921,113.5446143859
6666.67,22.2083054234,113.5536682606
6088.5,22.1962662008,113.5476171970
4638.55,22.1978158616,113.5424780846
6762.47,22.1881103324,113.5522413254
7152.78,22.2109674223,113.5461473465
7935.48,22.2093583096,113.5565543175
5408.65,22.2001601877,113.5425746441
7967.84,22.2073976921,113.5446143859
5450.82,22.1952827533,113.5538291931
5604.5,22.1907031750,113.5467374325
6150.79,22.2025740081,113.5480999947
3155.82,22.1956006361,113.5444307327
6533.55,22.2026435414,113.5376286507
5937.5,22.1966734851,113.5399675369
8272.73,22.2104807173,113.5433149338
8930.48,22.2073976921,113.5446143859
7780.98,22.2112753368,113.5565221310
6119.61,22.1923224356,113.5486042500
8239.52,22.2149007312,113.5502886772
4778.76,22.1897991625,113.5489261150
6256.41,22.2049182547,113.5519301891
9035.43,22.2053751796,113.5409975052
5617.98,22.2102224650,113.5382831097
5600.0,22.2039050682,113.5429608822
7075.47,22.2057526382,113.5528957844
7391.84,22.2094079738,113.5544514656
4285.71,22.2010542001,113.5411906242
5833.33,22.2013025359,113.5421133041
7839.51,22.2064876861,113.5543441772
7751.2,22.2134207870,113.5508143902
7117.65,22.2134207870,113.5508143902
7775.12,22.2134207870,113.5508143902
6094.57,22.1869561390,113.5320981506
6180.0,22.2129539557,113.5461473465
6725.0,22.2074313232,113.5548377037
7074.47,22.1921237543,113.5388731956
7886.44,22.1891099503,113.5411040461
13499.14,22.1861830543,113.5459113121
12500.0,22.1861830543,113.5459113121
10978.04,22.1861830543,113.5459113121
7180.51,22.2026435414,113.5376286507
4779.71,22.1876632857,113.5321784019
5002.18,22.1870672212,113.5363411903
6422.02,22.2028422078,113.5382616520
4240.0,22.2010542001,113.5411906242
7063.83,22.1907528459,113.5359120369
7250.0,22.1892329100,113.5359871387
7000.57,22.1947777918,113.5432227141
5138.49,22.1914283676,113.5462331772
4032.44,22.2024741553,113.5404422362
5733.94,22.1870672212,113.5363411903
10599.46,22.2114143948,113.5585820675
7600.0,22.2066267488,113.5397529602
6636.36,22.2064828646,113.5558621041
12354.93,22.1861830543,113.5459113121
8718.93,22.2053751796,113.5409975052
7755.56,22.2123977292,113.5537326336
6775.51,22.2142650524,113.5468661785
8600.0,22.2080868988,113.5500741005
6505.44,22.2074313232,113.5548377037
6000.0,22.2057526382,113.5528957844
9604.52,22.2114143948,113.5585820675
6217.95,22.2049182547,113.5519301891
7063.49,22.2090800000,113.5361110000
7925.26,22.2102220000,113.5576490000
7661.54,22.2066267488,113.5397529602
8195.75,22.2112753368,113.5565221310
8054.12,22.2102220000,113.5576490000
6892.31,22.2074511891,113.5567903519
6052.63,22.2083054234,113.5536682606
7675.44,22.2046103263,113.5535180569
8921.04,22.2102220000,113.5576490000
6572.77,22.2064578870,113.5557603836
8972.6,22.2033885389,113.5400104523
7545.45,22.2057526382,113.5528957844
6507.49,22.1894017925,113.5516405106
7017.54,22.2028422078,113.5382616520
7884.68,22.1891099503,113.5411040461
6810.93,22.2028422078,113.5483467579
8283.82,22.1885077060,113.5372316837
6521.74,22.1867393847,113.5505461693
10866.14,22.1902743809,113.5330983908
7973.33,22.2066267488,113.5397529602
7989.69,22.2102220000,113.5576490000
6459.02,22.1929780818,113.5517370701
5604.5,22.1907031750,113.5467374325
6923.08,22.2118117024,113.5526382923
6233.64,22.1881103324,113.5522413254
7300.0,22.2118117024,113.5526382923
6416.54,22.1894017925,113.5516405106
7832.08,22.2090800000,113.5361110000
6597.22,22.2129539557,113.5461473465
6388.89,22.2129539557,113.5461473465
6808.51,22.2105800450,113.5477995872
7191.49,22.2105800450,113.5477995872
11778.85,22.2103515912,113.5510611534
5288.46,22.2000310521,113.5412657261
8627.45,22.2025740081,113.5480999947
5901.64,22.2025541414,113.5419738293
6634.23,22.1884182970,113.5485291481
6100.0,22.2129539557,113.5461473465
7798.79,22.1884182970,113.5485291481
6565.84,22.1894017925,113.5516405106
6987.01,22.2076597817,113.5429716110
6727.27,22.2109674223,113.5461473465
6802.22,22.2064828646,113.5558621041
7071.06,22.1862923337,113.5494625568
7244.37,22.1862923337,113.5494625568
6500.0,22.1897991625,113.5489261150
7973.33,22.2066267488,113.5397529602
7684.43,22.1582941715,113.5578203201
4678.9,22.2087027398,113.5490119457
6818.18,22.2012826690,113.5417914391
7284.21,22.2046103263,113.5535180569
6543.78,22.2028422078,113.5382616520
6509.09,22.2064828646,113.5558621041
6802.22,22.2064578870,113.5557603836
7973.33,22.2066267488,113.5397529602
5901.64,22.2025541414,113.5419738293
5315.61,22.1897991625,113.5489261150
6542.86,22.2053652465,113.5412120819
4235.29,22.2018290062,113.5517799854
8557.69,22.1966138826,113.5461151600
7644.44,22.2149007312,113.5502886772
6116.07,22.2016402718,113.5435938835
7414.6,22.2112184475,113.5547783436
9463.28,22.2114143948,113.5585820675
7785.71,22.2144835673,113.5509538651
4422.22,22.2005674607,113.5444200039
8024.19,22.2005674607,113.5444200039
7000.0,22.1944582416,113.5430574417
5975.0,22.2074313232,113.5548377037
8277.78,22.2032494730,113.5491943359
5800.0,22.1898985048,113.5529494286
8114.29,22.2144835673,113.5509538651
6187.85,22.1881103324,113.5522413254
6892.31,22.2143544449,113.5447418690
6465.52,22.2083054234,113.5536682606
5680.75,22.2024945414,113.5509002209
6114.84,22.1898985048,113.5529494286
5910.22,22.1898985048,113.5529494286
7592.14,22.2134207870,113.5508143902
4548.83,22.1967827563,113.5478425026
8166.67,22.2032494730,113.5491943359
6000.0,22.2074313232,113.5548377037
6061.45,22.1885086297,113.5534359974
9035.43,22.2053751796,113.5409975052
5048.08,22.2094874366,113.5365879536
7461.54,22.2120202885,113.5512435436
7088.89,22.2123977292,113.5537326336
8457.61,22.2053751796,113.5409975052
7093.02,22.2137584938,113.5518550873
7904.19,22.2149007312,113.5502886772
7046.15,22.2074511891,113.5567903519
6998.81,22.2067260793,113.5448598862
7988.75,22.2144835673,113.5509538651
6200.0,22.1905480602,113.5526962476
7615.28,22.2066267488,113.5397529602
6818.65,22.2033885389,113.5400104523
8114.29,22.2144835673,113.5509538651
8141.38,22.2053751796,113.5409975052
8189.47,22.2093583096,113.5565543175
5833.33,22.2129539557,113.5461473465
6685.71,22.2053652465,113.5412120819
9061.83,22.2053751796,113.5409975052
4682.15,22.1906435700,113.5479712486
8277.25,22.2039498167,113.5383200356
7129.28,22.2057526382,113.5528957844
6872.73,22.2053652465,113.5412120819
7002.92,22.2026435414,113.5376286507
8229.17,22.1944118798,113.5443074352
7031.25,22.2109674223,113.5461473465
7656.83,22.1907925825,113.5359978676
4715.64,22.1534848418,113.5560071468
5521.2,22.1984714822,113.5446023941
6768.95,22.2012826690,113.5417914391
7016.49,22.2143544449,113.5447418690
6369.05,22.2074313232,113.5548377037
6690.91,22.2064578870,113.5557603836
8026.32,22.2073976921,113.5446143859
7715.79,22.2093583096,113.5565543175
5868.47,22.2049182547,113.5519301891
4719.42,22.1999714511,113.5442054272
7324.84,22.2131923379,113.5488724709
7268.52,22.2102423306,113.5554921627
6571.43,22.2138578191,113.5452783108
7904.76,22.1944582416,113.5430574417
8656.72,22.2066267488,113.5397529602
6818.18,22.2144736348,113.5516083241
5269.84,22.1930070771,113.5503671889
6773.33,22.2012826690,113.5417914391
5833.33,22.2049182547,113.5519301891
7956.99,22.2093583096,113.5565543175
6572.77,22.2064578870,113.5557603836
10216.35,22.2114143948,113.5585820675
6523.81,22.2013422695,113.5537219048
5300.0,22.1929383458,113.5526061058
7291.67,22.2127354384,113.5507071018
9090.91,22.2073976921,113.5446143859
7078.51,22.2034779383,113.5422205925
6818.18,22.2053652465,113.5412120819
7803.03,22.2100933387,113.5443341732
7988.75,22.2144835673,113.5509538651
6578.95,22.2062294265,113.5504066944
7360.96,22.2123977292,113.5537326336
6022.73,22.1961569292,113.5435080528
8705.11,22.1868340000,113.5494090000
5994.4,22.2049182547,113.5519301891
7075.47,22.2057526382,113.5528957844
9491.53,22.2114143948,113.5585820675
7428.57,22.1944582416,113.5430574417
6825.17,22.2049182547,113.5519301891
5241.38,22.2049182547,113.5519301891
8466.97,22.2091612386,113.5578549528
5123.81,22.1945476467,113.5462117195
10132.21,22.2114143948,113.5585820675
7052.02,22.2100933387,113.5443341732
8490.57,22.1862923337,113.5494625568
7241.77,22.2144736348,113.5516083241
7289.97,22.2109674223,113.5461473465
6740.2,22.2094079738,113.5544514656
10106.38,22.2114143948,113.5585820675
8114.29,22.2144835673,113.5509538651
5181.55,22.1909117925,113.5476064682
12000.0,22.1861830543,113.5459113121
7045.45,22.2144736348,113.5516083241
11052.17,22.1861830543,113.5459113121
8484.85,22.2136492358,113.5495054722
6718.75,22.1915575111,113.5351610184
7753.09,22.2112184475,113.5547783436
5861.51,22.1898985048,113.5529494286
5200.0,22.2126460449,113.5480463505
5858.82,22.2077491784,113.5505568981
6505.26,22.2083054234,113.5536682606
7435.9,22.2112184475,113.5547783436
7654.32,22.2118017698,113.5534214973
7129.28,22.2057526382,113.5528957844
9499.36,22.2053751796,113.5409975052
7319.59,22.1944582416,113.5430574417
7419.35,22.1944582416,113.5430574417
7466.67,22.2029514741,113.5496020317
8635.39,22.2053751796,113.5409975052
6480.0,22.2026435414,113.5376286507
6758.07,22.1884182970,113.5485291481
8678.5,22.2025740081,113.5480999947
6539.68,22.2083054234,113.5536682606
6062.5,22.2074313232,113.5548377037
9152.54,22.2112753368,113.5565221310
8029.2,22.2134406521,113.5535609722
7263.16,22.2123977292,113.5537326336
6098.25,22.2028422078,113.5483467579
4957.51,22.2037262698,113.5491836071
7854.01,22.2032792728,113.5489583015
8833.59,22.2032792728,113.5489583015
7325.19,22.2009548657,113.5412335396
6256.54,22.1976072544,113.5460078716
4400.44,22.1961072603,113.5474562645
6222.22,22.2027130746,113.5495698452
7129.28,22.2057526382,113.5528957844
10306.51,22.2024945414,113.5509002209
7662.34,22.2072823283,113.5435509682
8331.19,22.2053751796,113.5409975052
7804.35,22.2023554746,113.5472953320
7090.91,22.2109674223,113.5461473465
7071.43,22.2100238090,113.5443556309
6715.03,22.2033885389,113.5400104523
5219.05,22.2036567370,113.5485506058
8650.14,22.2074114572,113.5445058346
4333.64,22.2020376071,113.5484540462
6470.59,22.2077491784,113.5505568981
4508.29,22.2087027398,113.5490119457
6838.1,22.2036468038,113.5433256626
5209.95,22.1907031750,113.5467374325
5482.76,22.2036468038,113.5433256626
5933.01,22.1929880158,113.5426497459
4413.47,22.2031402068,113.5435938835
6638.95,22.2026435414,113.5376286507
8125.0,22.1944582416,113.5430574417
7849.46,22.2093583096,113.5565543175
5365.08,22.1991171661,113.5379612446
8179.49,22.2112184475,113.5547783436
7046.15,22.2074511891,113.5567903519
6727.27,22.2012826690,113.5417914391
7538.46,22.2066267488,113.5397529602
9035.43,22.2053751796,113.5409975052
6909.09,22.2057526382,113.5528957844
8108.11,22.2066267488,113.5397529602
8933.9,22.2053751796,113.5409975052
7420.71,22.2112184475,113.5547783436
3990.0,22.1995145086,113.5397207737
7089.55,22.2074313232,113.5548377037
7925.26,22.2102220000,113.5576490000
7753.09,22.2118017698,113.5534214973
3489.85,22.2035673377,113.5410404205
4435.48,22.1882692819,113.5313737392
6867.47,22.2074313232,113.5548377037
3830.77,22.1929383458,113.5385191441
8917.2,22.2091612386,113.5578549528
4295.0,22.1928390056,113.5514473915
6843.37,22.2086828740,113.5559105873
8211.92,22.2030408739,113.5477888584
11020.41,22.1861830543,113.5459113121
11020.41,22.1861830543,113.5459113121
10502.75,22.1861830543,113.5459113121
10502.75,22.1861830543,113.5459113121
7384.62,22.2066267488,113.5397529602
8419.77,22.2112753368,113.5565221310
8090.23,22.2134406521,113.5535609722
4685.71,22.1999714511,113.5442054272
7517.08,22.2112184475,113.5547783436
7692.31,22.2112184475,113.5547783436
8678.5,22.2025740081,113.5480999947
8203.88,22.1915575111,113.5351610184
7528.81,22.2112184475,113.5547783436
7503.49,22.2109674223,113.5461473465
4140.88,22.1956006361,113.5444307327
8848.82,22.2104807173,113.5433149338
5730.13,22.2028819410,113.5453534126
11799.85,22.2019581401,113.5477566719
6802.22,22.2064578870,113.5557603836
7651.16,22.2102423306,113.5554921627
9659.09,22.1868340000,113.5494090000
8905.23,22.2091612386,113.5578549528
9003.66,22.2091612386,113.5578549528
6565.84,22.1894017925,113.5516405106
7840.0,22.2046301926,113.5560607910
4163.42,22.2002098552,113.5386586189
6825.17,22.2049182547,113.5519301891
6802.22,22.2064578870,113.5557603836
5173.5,22.2052361157,113.5459113121
6977.78,22.1956105699,113.5420811176
12974.05,22.1861830543,113.5459113121
6785.71,22.2129539557,113.5461473465
4695.05,22.2087027398,113.5490119457
7850.0,22.2118017698,113.5534214973
5958.52,22.2026435414,113.5376286507
6490.57,22.1894017925,113.5516405106
7133.33,22.2109674223,113.5461473465
6654.34,22.2064578870,113.5557603836
6541.47,22.2064578870,113.5557603836
5428.57,22.1929383458,113.5526061058
7573.33,22.2066267488,113.5397529602
6812.5,22.2074313232,113.5548377037
6564.71,22.2086828740,113.5559105873
8640.0,22.2093583096,113.5565543175
7926.96,22.2093583096,113.5565543175
9152.54,22.2114143948,113.5585820675
8898.31,22.2114143948,113.5585820675
5562.34,22.1876831545,113.5368025303
6648.04,22.1914383018,113.5495376587
6863.64,22.1894017925,113.5516405106
6909.09,22.2057526382,113.5528957844
8934.0,22.2053751796,113.5409975052
6588.24,22.2077491784,113.5505568981
8000.0,22.2134406521,113.5535609722
7268.52,22.2102423306,113.5554921627
6687.5,22.2086828740,113.5559105873
8564.81,22.2112753368,113.5565221310
7857.14,22.1926105230,113.5481107235
7507.69,22.2074511891,113.5567903519
5000.0,22.1926800612,113.5509967804
7858.55,22.1947777918,113.5432227141
6690.91,22.2064578870,113.5557603836
6363.64,22.2064578870,113.5557603836
7091.1,22.2046103263,113.5535180569
8493.83,22.2080868988,113.5500741005
7191.49,22.2105800450,113.5477995872
7300.0,22.2118117024,113.5526382923
6256.52,22.1912098168,113.5523378849
5997.99,22.2039050682,113.5429608822
6600.0,22.2054149121,113.5437011719
5449.01,22.2102224650,113.5382831097
6468.93,22.2126460449,113.5480463505
5339.81,22.2000707862,113.5419631004
6829.27,22.2105502467,113.5477888584
8387.1,22.2093583096,113.5565543175
5918.92,22.1883090193,113.5337984562
6363.64,22.2064578870,113.5557603836
6560.98,22.2074313232,113.5548377037
7152.78,22.2109674223,113.5461473465
6768.95,22.2012826690,113.5417914391
7168.54,22.1910210681,113.5382616520
5351.35,22.2016700720,113.5406005383
7684.21,22.2105800450,113.5477995872
7925.26,22.2102220000,113.5576490000
5054.43,22.1907031750,113.5467374325
7168.54,22.1910210681,113.5382616520
6240.71,22.1905839649,113.5420918465
8387.1,22.2093583096,113.5565543175
6923.08,22.2074511891,113.5567903519
6738.46,22.2074511891,113.5567903519
7302.33,22.2094079738,113.5544514656
7222.22,22.2094079738,113.5544514656
6604.65,22.2094079738,113.5544514656
6408.71,22.2074313232,113.5548377037
6538.46,22.2029316075,113.5381758213
5214.29,22.2016502052,113.5385513306
4934.31,22.1944880433,113.5380363464
8277.25,22.2039498167,113.5383200356
6650.54,22.2086828740,113.5559105873
6384.52,22.2086828740,113.5559105873
6868.2,22.2086828740,113.5559105873
7963.64,22.1863592017,113.5495554130
6882.59,22.2046301926,113.5560607910
8278.39,22.2072823283,113.5435509682
6413.04,22.1912098168,113.5523378849
8469.63,22.2112753368,113.5565221310
8374.38,22.2112753368,113.5565221310
9139.15,22.2091612386,113.5578549528
8851.83,22.2091612386,113.5578549528
8903.14,22.2091612386,113.5578549528
11976.05,22.1861830543,113.5459113121
7518.25,22.2064876861,113.5543441772
6762.47,22.1881103324,113.5522413254
8601.74,22.2091612386,113.5578549528
7957.56,22.2091612386,113.5578549528
7233.16,22.2033885389,113.5400104523
5300.93,22.2011833347,113.5505568981
6685.71,22.2053652465,113.5412120819
8387.1,22.2093583096,113.5565543175
10909.09,22.1820701148,113.5331332684
7129.28,22.2057526382,113.5528957844
8277.25,22.2039498167,113.5383200356
7644.2,22.2072823283,113.5435509682
7091.1,22.2046103263,113.5535180569
4822.04,22.2087027398,113.5490119457
6588.24,22.2077491784,113.5505568981
6588.24,22.2077491784,113.5505568981
6725.0,22.2074313232,113.5548377037
4970.59,22.1958887167,113.5433793068
4898.91,22.1907031750,113.5467374325
9166.67,22.2053751796,113.5409975052
7228.92,22.2046103263,113.5535180569
7152.47,22.1910210681,113.5382616520
12011.88,22.1861830543,113.5459113121
10000.0,22.1861830543,113.5459113121
5264.8,22.1920740840,113.5364484787
8678.41,22.1944118798,113.5443074352
8853.27,22.2104807173,113.5433149338
7235.67,22.2131923379,113.5488724709
8762.89,22.2053751796,113.5409975052
5600.0,22.2047493908,113.5471773148
5198.33,22.2011833347,113.5505568981
6302.31,22.1991668340,113.5478854179
5494.29,22.1991668340,113.5478854179
5750.0,22.2124672576,113.5395920277
5048.08,22.2094874366,113.5365879536
14413.84,22.1879215795,113.5368883610
10286.81,22.2024945414,113.5509002209
7357.14,22.1936933288,113.5388302803
6989.25,22.2053652465,113.5412120819
7850.0,22.2118017698,113.5534214973
8934.0,22.2053751796,113.5409975052
8934.0,22.2053751796,113.5409975052
6909.09,22.2064578870,113.5557603836
7802.2,22.2109674223,113.5461473465
10995.23,22.1868340000,113.5494090000
9685.23,22.2114143948,113.5585820675
7654.92,22.2064876861,113.5543441772
4108.7,22.1945277789,113.5431110859
8114.29,22.2144835673,113.5509538651
6636.36,22.2064828646,113.5558621041
4684.27,22.2087027398,113.5490119457
9978.72,22.2114143948,113.5585820675
8345.02,22.2053751796,113.5409975052
6509.09,22.2064578870,113.5557603836
8851.83,22.2091612386,113.5578549528
9905.62,22.2091612386,113.5578549528
6297.23,22.1897991625,113.5489261150
6897.37,22.2074313232,113.5548377037
7363.86,22.2112753368,113.5565221310
8571.43,22.2091612386,113.5578549528
7600.0,22.2066267488,113.5397529602
7152.94,22.2134207870,113.5508143902
7681.16,22.2134406521,113.5535609722
8042.86,22.2144835673,113.5509538651
6400.0,22.2103515912,113.5510611534
7600.0,22.2118017698,113.5534214973
6890.76,22.1897991625,113.5489261150
5870.97,22.1898985048,113.5529494286
8898.31,22.2112753368,113.5565221310
8606.17,22.2112753368,113.5565221310
7566.88,22.2091612386,113.5578549528
6871.61,22.2109674223,113.5461473465
6641.79,22.2143544449,113.5447418690
8476.19,22.2074114572,113.5445058346
8268.29,22.2080868988,113.5500741005
5214.29,22.2016502052,113.5385513306
6933.33,22.2109674223,113.5461473465
5933.33,22.1870672212,113.5363411903
7263.78,22.2062294265,113.5504066944
9382.57,22.2114143948,113.5585820675
6572.77,22.2064828646,113.5558621041
6623.93,22.2053652465,113.5412120819
10156.25,22.2114143948,113.5585820675
6207.55,22.1894017925,113.5516405106
8585.09,22.2053751796,113.5409975052
8094.12,22.2080868988,113.5500741005
6722.69,22.1884182970,113.5485291481
8038.16,22.1884182970,113.5485291481
6943.83,22.1884182970,113.5485291481
6849.8,22.1884182970,113.5485291481
6304.35,22.1912098168,113.5523378849
10000.0,22.1868340000,113.5494090000
13000.79,22.1861830543,113.5459113121
11802.16,22.1861830543,113.5459113121
12500.0,22.2114143948,113.5585820675
10106.38,22.2114143948,113.5585820675
7270.94,22.2062294265,113.5504066944
5314.29,22.2023753413,113.5515439510
8995.87,22.2091612386,113.5578549528
6535.95,22.1976072544,113.5460078716
10048.43,22.2114143948,113.5585820675
11016.95,22.2114143948,113.5585820675
7264.96,22.1998721159,113.5539042950
6222.22,22.1991668340,113.5478854179
6842.11,22.2062294265,113.5504066944
6508.47,22.1910011998,113.5465550423
6447.06,22.2086828740,113.5559105873
9500.0,22.1868340000,113.5494090000
11144.41,22.2114143948,113.5585820675
9015.72,22.2091612386,113.5578549528
8903.14,22.2091612386,113.5578549528
8999.59,22.2091612386,113.5578549528
6571.43,22.2138578191,113.5452783108
10500.0,22.1861830543,113.5459113121
10500.0,22.1861830543,113.5459113121
9397.43,22.2102220000,113.5576490000
6393.44,22.1929780818,113.5517370701
8903.14,22.2091612386,113.5578549528
7825.11,22.2123977292,113.5537326336
7155.96,22.2074511891,113.5567903519
7016.49,22.2143544449,113.5447418690
6088.5,22.1962662008,113.5476171970
8882.6,22.2093583096,113.5565543175
6892.31,22.2074511891,113.5567903519
7812.5,22.2118017698,113.5534214973
6923.08,22.2074511891,113.5567903519
7189.95,22.2064578870,113.5557603836
8635.39,22.2053751796,113.5409975052
7152.78,22.2109674223,113.5461473465
7517.08,22.2112184475,113.5547783436
7692.31,22.2112184475,113.5547783436
7794.87,22.2112184475,113.5547783436
6569.77,22.2086828740,113.5559105873
7259.26,22.2112184475,113.5547783436
8506.67,22.2093583096,113.5565543175
7789.47,22.2093583096,113.5565543175
8765.96,22.2093583096,113.5565543175
6644.44,22.2053652465,113.5412120819
9874.69,22.2114143948,113.5585820675
8898.31,22.2114143948,113.5585820675
7946.55,22.2144835673,113.5509538651
9216.34,22.2073976921,113.5446143859
7087.05,22.2053652465,113.5412120819
7142.86,22.2109674223,113.5461473465
7638.0,22.2053751796,113.5409975052
8578.24,22.2053751796,113.5409975052
8570.29,22.2053751796,113.5409975052
9685.23,22.2053751796,113.5409975052
6240.96,22.2086828740,113.5559105873
9468.09,22.2053751796,113.5409975052
6473.68,22.2083054234,113.5536682606
6582.13,22.2074313232,113.5548377037
7753.09,22.2112184475,113.5547783436
7935.48,22.2093583096,113.5565543175
6354.17,22.2027627412,113.5505783558
5523.81,22.2039050682,113.5429608822
7063.49,22.2090800000,113.5361110000
6549.52,22.2026435414,113.5376286507
6100.0,22.2074313232,113.5548377037
7819.77,22.2144835673,113.5509538651
4875.0,22.1910111340,113.5476064682
6583.33,22.2102423306,113.5554921627
6610.53,22.2062294265,113.5504066944
6320.91,22.2057526382,113.5528957844
6802.22,22.2064578870,113.5557603836
4749.71,22.2087027398,113.5490119457
7746.48,22.2005277268,113.5490870476
7536.97,22.2127354384,113.5507071018
9656.61,22.2114143948,113.5585820675
6350.0,22.2086828740,113.5559105873
6475.0,22.2086828740,113.5559105873
6542.06,22.2086828740,113.5559105873
7307.69,22.2074511891,113.5567903519
7104.35,22.2112184475,113.5547783436
9476.25,22.2114143948,113.5585820675
8799.77,22.2112753368,113.5565221310
10216.35,22.2114143948,113.5585820675
4655.17,22.2087027398,113.5490119457
5666.67,22.1964549424,113.5394310951
9166.67,22.2053751796,113.5409975052
8387.91,22.2112753368,113.5565221310
7040.0,22.2109674223,113.5461473465
5048.08,22.2094874366,113.5365879536
10192.31,22.2114143948,113.5585820675
7935.48,22.2093583096,113.5565543175
9152.54,22.2112753368,113.5565221310
5901.64,22.2025541414,113.5419738293
7566.88,22.2091612386,113.5578549528
7592.14,22.2134207870,113.5508143902
7450.16,22.1885077060,113.5372316837
8071.43,22.2144835673,113.5509538651
7173.33,22.2109674223,113.5461473465
5350.0,22.2098648841,113.5522949696
5058.82,22.1926800612,113.5509967804
5408.65,22.2001601877,113.5425746441
7186.05,22.2137584938,113.5518550873
7920.53,22.2036468038,113.5433256626
6773.4,22.2033388725,113.5420596600
5750.0,22.2039050682,113.5429608822
6722.89,22.2086828740,113.5559105873
6626.51,22.2086828740,113.5559105873
6375.0,22.2086828740,113.5559105873
6875.0,22.2086828740,113.5559105873
6588.24,22.2086828740,113.5559105873
6564.71,22.2086828740,113.5559105873
7284.77,22.2012826690,113.5417914391
7812.5,22.1582941715,113.5578203201
6125.0,22.2094079738,113.5544514656
7981.22,22.1907031750,113.5514152050
3936.76,22.2033289392,113.5457932949
7076.92,22.2120202885,113.5512435436
6384.25,22.2074313232,113.5548377037
7038.41,22.2064876861,113.5543441772
8390.24,22.2080868988,113.5500741005
5937.5,22.2083054234,113.5536682606
6143.08,22.2068552087,113.5574984550
7098.87,22.2064578870,113.5557603836
12054.33,22.1861830543,113.5459113121
8071.43,22.2144835673,113.5509538651
8611.11,22.2104807173,113.5433149338