15715.54,22.2017131167,113.5474120118
14413.84,22.1879215795,113.536888361
13499.14,22.1861830543,113.5459113121
13497.45,22.1861830543,113.5459113121
13374.13,22.1861830543,113.5459113121
13000.79,22.1861830543,113.5459113121
12974.05,22.1861830543,113.5459113121
12909.88,22.1861830543,113.5459113121
12858.4,22.1861830543,113.5459113121
12770.75,22.1861830543,113.5459113121
12600,22.1861830543,113.5459113121
12500,22.1861830543,113.5459113121
12500,22.1861830543,113.5459113121
12500,22.1861830543,113.5459113121
12500,22.2114143948,113.5585820675
12354.93,22.1861830543,113.5459113121
12232.42,22.1861830543,113.5459113121
12232.42,22.1861830543,113.5459113121
12054.33,22.1861830543,113.5459113121
12011.88,22.1861830543,113.5459113121
12004.35,22.1861830543,113.5459113121
12000,22.1861830543,113.5459113121
11984.61,22.1861830543,113.5459113121
11976.05,22.1861830543,113.5459113121
11900,22.1861830543,113.5459113121
11802.16,22.1861830543,113.5459113121
11799.85,22.2019581401,113.5477566719
11778.85,22.2103515912,113.5510611534
11743.12,22.1861830543,113.5459113121
11529.59,22.1861830543,113.5459113121
11500.82,22.1861830543,113.5459113121
11500,22.1861830543,113.5459113121
11437.07,22.1861830543,113.5459113121
11394.56,22.1861830543,113.5459113121
11144.41,22.2114143948,113.5585820675
11052.17,22.1861830543,113.5459113121
11028.04,22.2017131167,113.5474120118
11020.41,22.1861830543,113.5459113121
11020.41,22.1861830543,113.5459113121
11016.95,22.2114143948,113.5585820675
11011.9,22.1861830543,113.5459113121
11001.7,22.1861830543,113.5459113121
10995.23,22.186834,113.549409
10978.04,22.1861830543,113.5459113121
10975.18,22.1872857785,113.5340237617
10909.09,22.1820701148,113.5331332684
10884.35,22.1861830543,113.5459113121
10866.14,22.1902743809,113.5330983908
10866.14,22.1902743809,113.5330983908
10762.94,22.2114143948,113.5585820675
10675.13,22.1998323818,113.5472846031
10626.7,22.2114143948,113.5585820675
10626.7,22.2114143948,113.5585820675
10599.46,22.2114143948,113.5585820675
10599.46,22.2114143948,113.5585820675
10558.58,22.2114143948,113.5585820675
10502.75,22.1861830543,113.5459113121
10502.75,22.1861830543,113.5459113121
10500,22.188418297,113.5485291481
10500,22.1861830543,113.5459113121
10500,22.1861830543,113.5459113121
10399.03,22.2114143948,113.5585820675
10374.85,22.2114143948,113.5585820675
10306.51,22.2024945414,113.5509002209
10291.26,22.2114143948,113.5585820675
10286.81,22.2024945414,113.5509002209
10279.33,22.1861830543,113.5459113121
10216.35,22.2114143948,113.5585820675
10216.35,22.2114143948,113.5585820675
10211.52,22.2114143948,113.5585820675
10192.31,22.2114143948,113.5585820675
10156.25,22.2114143948,113.5585820675
10133.01,22.2114143948,113.5585820675
10132.21,22.2114143948,113.5585820675
10106.38,22.2114143948,113.5585820675
10106.38,22.2114143948,113.5585820675
10106.38,22.2114143948,113.5585820675
10056.82,22.186834,113.549409
10048.43,22.2114143948,113.5585820675
10028.05,22.2053751796,113.5409975052
10000,22.1879215795,113.536888361
10000,22.186834,113.549409
10000,22.2118117024,113.5526382923
10000,22.1861830543,113.5459113121
10000,22.186834,113.549409
9978.72,22.2114143948,113.5585820675
9945.24,22.1902743809,113.5330983908
9926.92,22.2114143948,113.5585820675
9905.62,22.2091612386,113.5578549528
9891.44,22.2114143948,113.5585820675
9874.69,22.2114143948,113.5585820675
9830.51,22.2114143948,113.5585820675
9793.51,22.2114143948,113.5585820675
9793.25,22.186834,113.549409
9746.68,22.2114143948,113.5585820675
9685.23,22.2114143948,113.5585820675
9685.23,22.2114143948,113.5585820675
9685.23,22.2053751796,113.5409975052
9661.02,22.2114143948,113.5585820675
9659.09,22.186834,113.549409
9656.61,22.2114143948,113.5585820675
9604.52,22.2053751796,113.5409975052
9604.52,22.2114143948,113.5585820675
9600,22.2091612386,113.5578549528
9591.33,22.2053751796,113.5409975052
9500,22.2114143948,113.5585820675
9500,22.186834,113.549409
9499.36,22.2053751796,113.5409975052
9499.36,22.2053751796,113.5409975052
9493.67,22.2091612386,113.5578549528
9491.53,22.2114143948,113.5585820675
9476.25,22.2114143948,113.5585820675
9468.09,22.2053751796,113.5409975052
9463.28,22.2114143948,113.5585820675
9455.62,22.2091612386,113.5578549528
9443.1,22.2053751796,113.5409975052
9435.17,22.2053751796,113.5409975052
9405.68,22.2108581621,113.5470592976
9397.43,22.210222,113.557649
9382.57,22.2114143948,113.5585820675
9297.85,22.210222,113.557649
9288.06,22.1902743809,113.5330983908
9277.9,22.1902743809,113.5330983908
9253.73,22.2053751796,113.5409975052
9216.34,22.2073976921,113.5446143859
9216.34,22.2073976921,113.5446143859
9181.14,22.2091612386,113.5578549528
9166.67,22.2053751796,113.5409975052
9166.67,22.2053751796,113.5409975052
9152.54,22.2112753368,113.556522131
9152.54,22.2114143948,113.5585820675
9152.54,22.2112753368,113.556522131
9147.12,22.2053751796,113.5409975052
9139.15,22.2091612386,113.5578549528
9139.15,22.2091612386,113.5578549528
9090.91,22.2073976921,113.5446143859
9061.83,22.2053751796,113.5409975052
9050.85,22.2112753368,113.556522131
9043.58,22.2091612386,113.5578549528
9042.55,22.2053751796,113.5409975052
9038.92,22.2053751796,113.5409975052
9035.43,22.2053751796,113.5409975052
9035.43,22.2053751796,113.5409975052
9035.43,22.2053751796,113.5409975052
9035.43,22.2053751796,113.5409975052
9031.58,22.2053751796,113.5409975052
9021.23,22.2091612386,113.5578549528
9015.72,22.2091612386,113.5578549528
9003.66,22.2091612386,113.5578549528
9001.64,22.2091612386,113.5578549528
9000,22.206457887,113.5557603836
8999.59,22.2091612386,113.5578549528
8995.87,22.2091612386,113.5578549528
8989.11,22.2032792728,113.5489583015
8972.6,22.2033885389,113.5400104523
8934.62,22.2114143948,113.5585820675
8934.62,22.2114143948,113.5585820675
8934,22.2053751796,113.5409975052
8934,22.2053751796,113.5409975052
8934,22.2053751796,113.5409975052
8933.9,22.2053751796,113.5409975052
8930.48,22.2073976921,113.5446143859
8930.48,22.2073976921,113.5446143859
8921.04,22.210222,113.557649
8920.94,22.2073976921,113.5446143859
8917.2,22.2053751796,113.5409975052
8917.2,22.2091612386,113.5578549528
8905.23,22.2091612386,113.5578549528
8903.14,22.2091612386,113.5578549528
8903.14,22.2091612386,113.5578549528
8903.14,22.2091612386,113.5578549528
8903.14,22.2091612386,113.5578549528
8903.14,22.2091612386,113.5578549528
8903.14,22.2091612386,113.5578549528
8903.14,22.2091612386,113.5578549528
8898.31,22.2114143948,113.5585820675
8898.31,22.2114143948,113.5585820675
8898.31,22.2112753368,113.556522131
8898.31,22.2114143948,113.5585820675
8882.6,22.2093583096,113.5565543175
8882.6,22.2093583096,113.5565543175
8861.99,22.2053751796,113.5409975052
8857.14,22.2112753368,113.556522131
8853.27,22.2104807173,113.5433149338
8851.83,22.2091612386,113.5578549528
8851.83,22.2091612386,113.5578549528
8848.82,22.2104807173,113.5433149338
8846.15,22.2091612386,113.5578549528
8838.32,22.2114143948,113.5585820675
8833.59,22.2032792728,113.5489583015
8830.55,22.210222,113.557649
8816.86,22.2053751796,113.5409975052
8804.35,22.2074114572,113.5445058346
8799.77,22.2112753368,113.556522131
8787.88,22.1872857785,113.5340237617
8773.33,22.2093583096,113.5565543175
8769.45,22.2093583096,113.5565543175
8765.96,22.2093583096,113.5565543175
8762.89,22.2053751796,113.5409975052
8759.49,22.2112753368,113.556522131
8742.39,22.2072823283,113.5435509682
8742.39,22.2072823283,113.5435509682
8736.84,22.2072823283,113.5435509682
8734.18,22.2112753368,113.556522131
8721.21,22.2053751796,113.5409975052
8718.93,22.2053751796,113.5409975052
8716.71,22.2053751796,113.5409975052
8705.11,22.186834,113.549409
8695.65,22.2034183387,113.5380148888
8690.18,22.2034183387,113.5380148888
8687.07,22.2025740081,113.5480999947
8680.69,22.2053751796,113.5409975052
8678.5,22.2025740081,113.5480999947
8678.5,22.2025740081,113.5480999947
8678.5,22.2025740081,113.5480999947
8678.41,22.1944118798,113.5443074352
8677.42,22.1944582416,113.5430574417
8668.48,22.2074114572,113.5445058346
8666.67,22.2093583096,113.5565543175
8659.4,22.2091612386,113.5578549528
8656.72,22.2066267488,113.5397529602
8650.14,22.2074114572,113.5445058346
8644.69,22.2072823283,113.5435509682
8640.23,22.2093583096,113.5565543175
8640,22.2093583096,113.5565543175
8635.39,22.2053751796,113.5409975052
8635.39,22.2053751796,113.5409975052
8635.39,22.2053751796,113.5409975052
8635.39,22.2053751796,113.5409975052
8635.39,22.2053751796,113.5409975052
8632.27,22.1899978471,113.5396456718
8631.23,22.2112753368,113.556522131
8628.01,22.2093583096,113.5565543175
8627.45,22.2025740081,113.5480999947
8625,22.2034779383,113.5478746891
8614.07,22.2053751796,113.5409975052
8611.11,22.2104807173,113.5433149338
8606.17,22.2112753368,113.556522131
8604.21,22.2053751796,113.5409975052
8601.74,22.2091612386,113.5578549528
8600.77,22.2053751796,113.5409975052
8600.77,22.2053751796,113.5409975052
8600,22.2080868988,113.5500741005
8585.09,22.2053751796,113.5409975052
8585.09,22.2053751796,113.5409975052
8585.09,22.2053751796,113.5409975052
8580.65,22.2093583096,113.5565543175
8580.65,22.2093583096,113.5565543175
8578.24,22.2053751796,113.5409975052
8571.43,22.2091612386,113.5578549528
8571.43,22.2074114572,113.5445058346
8571.43,22.2091612386,113.5578549528
8570.29,22.2053751796,113.5409975052
8564.81,22.2112753368,113.556522131
8564.81,22.2112753368,113.556522131
8557.69,22.1966138826,113.54611516
8543.31,22.2053751796,113.5409975052
8531.75,22.2112753368,113.556522131
8531.11,22.2091612386,113.5578549528
8518.52,22.2112753368,113.556522131
8508.6,22.2053751796,113.5409975052
8506.67,22.2093583096,113.5565543175
8506.67,22.2093583096,113.5565543175
8506.67,22.2093583096,113.5565543175
8495.68,22.2112753368,113.556522131
8493.83,22.2080868988,113.5500741005
8490.57,22.1862923337,113.5494625568
8484.85,22.2136492358,113.5495054722
8476.19,22.2074114572,113.5445058346
8472.91,22.2080868988,113.5500741005
8469.63,22.2112753368,113.556522131
8466.97,22.2091612386,113.5578549528
8464.57,22.2053751796,113.5409975052
8462.24,22.2053751796,113.5409975052
8458.27,22.2093583096,113.5565543175
8458.27,22.2093583096,113.5565543175
8458.27,22.2093583096,113.5565543175
8457.61,22.2053751796,113.5409975052
8444.04,22.2053751796,113.5409975052
8438.82,22.2112753368,113.556522131
8419.77,22.2112753368,113.556522131
8415.84,22.2093583096,113.5565543175
8415.84,22.2093583096,113.5565543175
8415.84,22.2093583096,113.5565543175
8390.3,22.203515804,113.541477332
8390.24,22.2080868988,113.5500741005
8390.24,22.2080868988,113.5500741005
8387.91,22.2112753368,113.556522131
8387.91,22.2112753368,113.556522131
8387.1,22.2093583096,113.5565543175
8387.1,22.2093583096,113.5565543175
8387.1,22.2093583096,113.5565543175
8387.1,22.2093583096,113.5565543175
8374.38,22.2112753368,113.556522131
8374.38,22.2112753368,113.556522131
8360.05,22.2104807173,113.5433149338
8345.02,22.2053751796,113.5409975052
8333.33,22.206457887,113.5557603836
8333.33,22.206457887,113.5557603836
8331.19,22.2053751796,113.5409975052
8313.16,22.2053751796,113.5409975052
8297.01,22.2053751796,113.5409975052
8283.82,22.188507706,113.5372316837
8282.21,22.1927893355,113.5472095013
8278.39,22.2072823283,113.5435509682
8277.78,22.203249473,113.5491943359
8277.25,22.2039498167,113.5383200356
8277.25,22.2039498167,113.5383200356
8277.25,22.2039498167,113.5383200356
8274.98,22.2053751796,113.5409975052
8272.95,22.2046103263,113.5535180569
8272.73,22.2104807173,113.5433149338
8268.29,22.2080868988,113.5500741005
8266,22.203515804,113.541477332
8265.5,22.210222,113.557649
8253.09,22.2112753368,113.556522131
8240,22.2066267488,113.5397529602
8240,22.2074114572,113.5445058346
8239.52,22.2149007312,113.5502886772
8239.52,22.2149007312,113.5502886772
8237.23,22.188418297,113.5485291481
8236.74,22.2104807173,113.5433149338
8229.17,22.1944118798,113.5443074352
8226.6,22.2104807173,113.5433149338
8222.22,22.2066267488,113.5397529602
8214.29,22.2036468038,113.5433256626
8211.92,22.2030408739,113.5477888584
8206.19,22.1944582416,113.5430574417
8205.88,22.2134406521,113.5535609722
8203.88,22.1915575111,113.5351610184
8195.75,22.2112753368,113.556522131
8189.47,22.2093583096,113.5565543175
8181.1,22.2053751796,113.5409975052
8179.49,22.2112184475,113.5547783436
8179.49,22.2112184475,113.5547783436
8172.04,22.2093583096,113.5565543175
8169.29,22.2053751796,113.5409975052
8166.67,22.203249473,113.5491943359
8156.5,22.2112753368,113.556522131
8148.15,22.2025740081,113.5480999947
8141.38,22.2053751796,113.5409975052
8141.11,22.2066267488,113.5397529602
8140.26,22.210222,113.557649
8136.48,22.2127851015,113.5507285595
8125,22.1944582416,113.5430574417
8114.29,22.2144835673,113.5509538651
8114.29,22.2144835673,113.5509538651
8114.29,22.2144835673,113.5509538651
8114.29,22.2144835673,113.5509538651
8114.29,22.2144835673,113.5509538651
8114.29,22.2144835673,113.5509538651
8113.98,22.2066267488,113.5397529602
8108.11,22.2066267488,113.5397529602
8108.11,22.2066267488,113.5397529602
8106.67,22.2144736348,113.5516083241
8094.12,22.2080868988,113.5500741005
8091.6,22.2114143948,113.5585820675
8090.23,22.2134406521,113.5535609722
8090.23,22.2134406521,113.5535609722
8078.87,22.20518645,113.5510396957
8071.43,22.2144835673,113.5509538651
8071.43,22.2144835673,113.5509538651
8066.67,22.2074114572,113.5445058346
8063.49,22.1944582416,113.5430574417
8058.82,22.2080868988,113.5500741005
8054.88,22.2053751796,113.5409975052
8054.12,22.210222,113.557649
8046.15,22.2066267488,113.5397529602
8044.08,22.20908,113.536111
8042.86,22.2144835673,113.5509538651
8038.16,22.188418297,113.5485291481
8032.26,22.1944582416,113.5430574417
8029.2,22.2134406521,113.5535609722
8026.32,22.2073976921,113.5446143859
8024.19,22.2005674607,113.5444200039
8014.57,22.210222,113.557649
8000,22.2112753368,113.556522131
8000,22.2108581621,113.5470592976
8000,22.2144835673,113.5509538651
8000,22.2066267488,113.5397529602
8000,22.2144835673,113.5509538651
8000,22.2066267488,113.5397529602
8000,22.2066267488,113.5397529602
8000,22.2134406521,113.5535609722
7989.69,22.210222,113.557649
7989.69,22.210222,113.557649
7989.69,22.210222,113.557649
7988.75,22.2144835673,113.5509538651
7988.75,22.2144835673,113.5509538651
7981.22,22.190703175,113.551415205
7980.65,22.2046103263,113.5535180569
7976.8,22.210222,113.557649
7975,22.2112184475,113.5547783436
7973.33,22.2066267488,113.5397529602
7973.33,22.2066267488,113.5397529602
7973.33,22.2066267488,113.5397529602
7973.33,22.2066267488,113.5397529602
7973.33,22.2066267488,113.5397529602
7973.33,22.2066267488,113.5397529602
7969.23,22.2066267488,113.5397529602
7967.84,22.2073976921,113.5446143859
7967.84,22.2073976921,113.5446143859
7963.64,22.1863592017,113.549555413
7957.56,22.2091612386,113.5578549528
7957.47,22.210222,113.557649
7956.99,22.2093583096,113.5565543175
7956.99,22.2093583096,113.5565543175
7956.99,22.2093583096,113.5565543175
7956.99,22.2093583096,113.5565543175
7956.99,22.2093583096,113.5565543175
7956.99,22.2093583096,113.5565543175
7954.55,22.2074114572,113.5445058346
7946.55,22.2144835673,113.5509538651
7937.61,22.2013422695,113.5537219048
7935.48,22.2093583096,113.5565543175
7935.48,22.2093583096,113.5565543175
7935.48,22.2093583096,113.5565543175
7935.48,22.2093583096,113.5565543175
7928.52,22.2112753368,113.556522131
7926.96,22.2093583096,113.5565543175
7925.26,22.210222,113.557649
7925.26,22.210222,113.557649
7925.26,22.210222,113.557649
7925.26,22.210222,113.557649
7925.26,22.210222,113.557649
7925.26,22.210222,113.557649
7923.08,22.2053751796,113.5409975052
7920.53,22.2036468038,113.5433256626
7909.32,22.2036468038,113.5433256626
7904.76,22.1944582416,113.5430574417
7904.19,22.2149007312,113.5502886772
7892.38,22.2134406521,113.5535609722
7888.89,22.2144835673,113.5509538651
7886.44,22.1891099503,113.5411040461
7884.68,22.1891099503,113.5411040461
7871.49,22.1874844666,113.5489904881
7868.02,22.2112184475,113.5547783436
7858.55,22.1872857785,113.5340237617
7858.55,22.1947777918,113.5432227141
7857.14,22.192610523,113.5481107235
7854.01,22.2032792728,113.5489583015
7850,22.2118017698,113.5534214973
7850,22.2118017698,113.5534214973
7850,22.2118017698,113.5534214973
7850,22.2118017698,113.5534214973
7850,22.2118017698,113.5534214973
7849.46,22.2093583096,113.5565543175
7841.03,22.2093583096,113.5565543175
7840.67,22.2102423306,113.5554921627
7840,22.2046301926,113.556060791
7839.51,22.2064876861,113.5543441772
7832.08,22.20908,113.536111
7828.57,22.2134406521,113.5535609722
7827.96,22.2093583096,113.5565543175
7825.11,22.2123977292,113.5537326336
7819.77,22.2144835673,113.5509538651
7815.38,22.1944582416,113.5430574417
7812.5,22.1582941715,113.5578203201
7812.5,22.2118017698,113.5534214973
7812.5,22.1582941715,113.5578203201
7809.22,22.2102423306,113.5554921627
7806.28,22.188418297,113.5485291481
7804.35,22.2023554746,113.547295332
7804.35,22.2023554746,113.547295332
7803.03,22.2100933387,113.5443341732
7802.2,22.2109674223,113.5461473465
7800,22.2027627412,113.5505783558
7798.79,22.188418297,113.5485291481
7794.87,22.2112184475,113.5547783436
7789.47,22.2093583096,113.5565543175
7785.71,22.2144835673,113.5509538651
7780.98,22.2112753368,113.556522131
7779.35,22.2144835673,113.5509538651
7775.12,22.213420787,113.5508143902
7757.28,22.2027627412,113.5505783558
7755.56,22.2123977292,113.5537326336
7753.09,22.2118017698,113.5534214973
7753.09,22.2112184475,113.5547783436
7753.09,22.2118017698,113.5534214973
7753.09,22.2118017698,113.5534214973
7753.09,22.2118017698,113.5534214973
7753.09,22.2112184475,113.5547783436
7753.09,22.2118017698,113.5534214973
7753.09,22.2112184475,113.5547783436
7751.2,22.213420787,113.5508143902
7749.47,22.210580045,113.5477995872
7746.48,22.2005277268,113.5490870476
7745.9,22.1582941715,113.5578203201
7741.12,22.2036468038,113.5433256626
7733.33,22.2029514741,113.5496020317
7727.27,22.2102423306,113.5554921627
7724.87,22.20908,113.536111
7715.79,22.2093583096,113.5565543175
7706.67,22.2066267488,113.5397529602
7692.31,22.2112184475,113.5547783436
7692.31,22.2112184475,113.5547783436
7690.44,22.2053751796,113.5409975052
7684.43,22.1582941715,113.5578203201
7684.21,22.210580045,113.5477995872
7681.16,22.2134406521,113.5535609722
7680,22.2066267488,113.5397529602
7675.44,22.2046103263,113.5535180569
7667.09,22.2036468038,113.5433256626
7662.34,22.2072823283,113.5435509682
7661.54,22.2066267488,113.5397529602
7658.54,22.2112184475,113.5547783436
7656.83,22.1907925825,113.5359978676
7654.92,22.2064876861,113.5543441772
7654.32,22.2118017698,113.5534214973
7651.16,22.2102423306,113.5554921627
7651.16,22.2102423306,113.5554921627
7644.44,22.2149007312,113.5502886772
7644.44,22.2149007312,113.5502886772
7644.2,22.2072823283,113.5435509682
7638,22.2053751796,113.5409975052
7632.48,22.1998721159,113.553904295
7629.63,22.2112184475,113.5547783436
7615.28,22.2066267488,113.5397529602
7609.76,22.1944582416,113.5430574417
7600,22.2066267488,113.5397529602
7600,22.2030408739,113.5477888584
7600,22.2036468038,113.5433256626
7600,22.2036468038,113.5433256626
7600,22.2066267488,113.5397529602
7600,22.2066267488,113.5397529602
7600,22.2066267488,113.5397529602
7600,22.2118017698,113.5534214973
7599.21,22.20908,113.536111
7592.14,22.213420787,113.5508143902
7592.14,22.213420787,113.5508143902
7588.08,22.2002098552,113.5386586189
7584.54,22.2112184475,113.5547783436
7573.53,22.2094079738,113.5544514656
7573.33,22.2066267488,113.5397529602
7573.33,22.2066267488,113.5397529602
7568.97,22.199504575,113.5484004021
7566.88,22.2091612386,113.5578549528
7566.88,22.2091612386,113.5578549528
7565.89,22.2074511891,113.5567903519
7560,22.1582941715,113.5578203201
7555.28,22.213420787,113.5508143902
7554.14,22.2091612386,113.5578549528
7548.39,22.1944582416,113.5430574417
7545.45,22.2057526382,113.5528957844
7545.45,22.2057526382,113.5528957844
7539.12,22.2127354384,113.5507071018
7538.46,22.2112184475,113.5547783436
7538.46,22.2066267488,113.5397529602
7536.97,22.2127354384,113.5507071018
7528.81,22.2112184475,113.5547783436
7518.25,22.2064876861,113.5543441772
7517.08,22.2112184475,113.5547783436
7517.08,22.2112184475,113.5547783436
7507.69,22.2127851015,113.5507285595
7507.69,22.2074511891,113.5567903519
7507.69,22.2074511891,113.5567903519
7504.27,22.1998721159,113.553904295
7503.49,22.2109674223,113.5461473465
7503.32,22.2022064743,113.5507392883
7500,22.1881103324,113.5522413254
7500,22.2027627412,113.5505783558
7495.88,22.188418297,113.5485291481
7480.14,22.2144736348,113.5516083241
7470.82,22.2109674223,113.5461473465
7469.88,22.2109674223,113.5461473465
7466.67,22.2029514741,113.5496020317
7461.77,22.2074511891,113.5567903519
7461.54,22.2120202885,113.5512435436
7450.16,22.188507706,113.5372316837
7450.16,22.188507706,113.5372316837
7450.16,22.188507706,113.5372316837
7449.61,22.190703175,113.551415205
7435.9,22.2112184475,113.5547783436
7428.57,22.1944582416,113.5430574417
7428.57,22.1944582416,113.5430574417
7425,22.2091612386,113.5578549528
7423.25,22.2046103263,113.5535180569
7420.71,22.2112184475,113.5547783436
7419.35,22.1944582416,113.5430574417
7418.7,22.1948059279,113.5542690754
7417.68,22.1862923337,113.5494625568
7416.67,22.2118117024,113.5526382923
7414.6,22.2112184475,113.5547783436
7400,22.2144835673,113.5509538651
7395.83,22.188507706,113.5372316837
7393.94,22.2074511891,113.5567903519
7391.84,22.2094079738,113.5544514656
7390.11,22.2109674223,113.5461473465
7384.62,22.2066267488,113.5397529602
7363.86,22.2112753368,113.556522131
7361.11,22.2109674223,113.5461473465
7360.96,22.2123977292,113.5537326336
7357.14,22.2053652465,113.5412120819
7357.14,22.1936933288,113.5388302803
7350,22.2094079738,113.5544514656
7349.54,22.2102423306,113.5554921627
7349.54,22.2102423306,113.5554921627
7347.37,22.2123977292,113.5537326336
7333.33,22.2109674223,113.5461473465
7333.33,22.2144736348,113.5516083241
7325.3,22.2112184475,113.5547783436
7325.19,22.2009548657,113.5412335396
7324.84,22.2131923379,113.5488724709
7319.59,22.1944582416,113.5430574417
7308.87,22.2074511891,113.5567903519
7307.69,22.2074511891,113.5567903519
7307.69,22.2074511891,113.5567903519
7307.21,22.2131923379,113.5488724709
7306.67,22.2109674223,113.5461473465
7302.33,22.2094079738,113.5544514656
7302.23,22.203617004,113.5379397869
7301.59,22.1944582416,113.5430574417
7300,22.2118117024,113.5526382923
7300,22.2118117024,113.5526382923
7300,22.2118117024,113.5526382923
7300,22.2118117024,113.5526382923
7291.67,22.2109674223,113.5461473465
7291.67,22.2127354384,113.5507071018
7289.97,22.2109674223,113.5461473465
7289.97,22.2109674223,113.5461473465
7289.97,22.2109674223,113.5461473465
7284.77,22.201282669,113.5417914391
7284.21,22.2046103263,113.5535180569
7278.61,22.2131923379,113.5488724709
7270.94,22.2062294265,113.5504066944
7268.52,22.2102423306,113.5554921627
7268.52,22.2102423306,113.5554921627
7266.67,22.2144835673,113.5509538651
7266.67,22.2144835673,113.5509538651
7266.67,22.2109674223,113.5461473465
7264.96,22.1998721159,113.553904295
7263.78,22.2062294265,113.5504066944
7263.78,22.2062294265,113.5504066944
7263.16,22.2123977292,113.5537326336
7259.26,22.2112184475,113.5547783436
7252.75,22.2109674223,113.5461473465
7250,22.18923291,113.5359871387
7244.37,22.1862923337,113.5494625568
7242.42,22.2074511891,113.5567903519
7241.77,22.2144736348,113.5516083241
7240,22.2109674223,113.5461473465
7236.84,22.198123805,113.5394847393
7236.84,22.2046103263,113.5535180569
7235.67,22.2131923379,113.5488724709
7235.67,22.2131923379,113.5488724709
7233.16,22.2033885389,113.5400104523
7230.77,22.2074511891,113.5567903519
7228.92,22.2046103263,113.5535180569
7226.46,22.2131923379,113.5488724709
7222.22,22.2094079738,113.5544514656
7212.77,22.1921237543,113.5388731956
7210.53,22.2144736348,113.5516083241
7210.53,22.2144736348,113.5516083241
7208.39,22.198123805,113.5394847393
7200,22.2064828646,113.5558621041
7200,22.2057526382,113.5528957844
7191.49,22.210580045,113.5477995872
7191.49,22.210580045,113.5477995872
7189.95,22.206457887,113.5557603836
7186.05,22.2137584938,113.5518550873
7181.82,22.2109674223,113.5461473465
7180.51,22.2026435414,113.5376286507
7173.33,22.2131923379,113.5488724709
7173.33,22.2109674223,113.5461473465
7173.33,22.2109674223,113.5461473465
7173.33,22.2109674223,113.5461473465
7173.33,22.2109674223,113.5461473465
7172.13,22.1898985048,113.5529494286
7170.37,22.2108581621,113.5470592976
7168.54,22.1910210681,113.538261652
7168.54,22.1910210681,113.538261652
7168.54,22.1910210681,113.538261652
7160,22.2103515912,113.5510611534
7159.53,22.206457887,113.5557603836
7155.96,22.2074511891,113.5567903519
7152.94,22.213420787,113.5508143902
7152.78,22.2109674223,113.5461473465
7152.78,22.2109674223,113.5461473465
7152.78,22.2109674223,113.5461473465
7152.47,22.1910210681,113.538261652
7152.47,22.1910210681,113.538261652
7142.86,22.20908,113.536111
7142.86,22.20908,113.536111
7142.86,22.20908,113.536111
7142.86,22.2109674223,113.5461473465
7133.33,22.2118117024,113.5526382923
7133.33,22.2109674223,113.5461473465
7133.33,22.2109674223,113.5461473465
7133.33,22.2109674223,113.5461473465
7129.28,22.2057526382,113.5528957844
7129.28,22.2057526382,113.5528957844
7129.28,22.2057526382,113.5528957844
7129.28,22.2057526382,113.5528957844
7129.28,22.2057526382,113.5528957844
7129.28,22.2057526382,113.5528957844
7129.28,22.2057526382,113.5528957844
7127.27,22.1582941715,113.5578203201
7125,22.2109674223,113.5461473465
7117.65,22.213420787,113.5508143902
7115.9,22.2046301926,113.556060791
7111.11,22.2123977292,113.5537326336
7106.67,22.2109674223,113.5461473465
7104.35,22.2112184475,113.5547783436
7100,22.2094079738,113.5544514656
7098.87,22.206457887,113.5557603836
7093.02,22.2137584938,113.5518550873
7091.25,22.2057526382,113.5528957844
7091.1,22.2046103263,113.5535180569
7091.1,22.2046103263,113.5535180569
7090.91,22.2109674223,113.5461473465
7089.55,22.2074313232,113.5548377037
7088.89,22.2053652465,113.5412120819
7088.89,22.2123977292,113.5537326336
7087.05,22.2053652465,113.5412120819
7079.48,22.206457887,113.5557603836
7078.51,22.2034779383,113.5422205925
7076.92,22.2120202885,113.5512435436
7076.92,22.2120202885,113.5512435436
7075.47,22.2057526382,113.5528957844
7075.47,22.2057526382,113.5528957844
7075.47,22.2057526382,113.5528957844
7074.47,22.1921237543,113.5388731956
7074.47,22.1921237543,113.5388731956
7071.43,22.210023809,113.5443556309
7071.06,22.1862923337,113.5494625568
7067.57,22.2053652465,113.5412120819
7063.83,22.1907528459,113.5359120369
7063.49,22.20908,113.536111
7063.49,22.20908,113.536111
7063.49,22.20908,113.536111
7056.45,22.2053652465,113.5412120819
7056.37,22.1956801067,113.5380041599
7052.02,22.2100933387,113.5443341732
7046.15,22.2074511891,113.5567903519
7046.15,22.2074511891,113.5567903519
7045.45,22.2144736348,113.5516083241
7040,22.2109674223,113.5461473465
7038.41,22.2064876861,113.5543441772
7038.41,22.2064876861,113.5543441772
7037.04,22.2053652465,113.5412120819
7037.04,22.2053652465,113.5412120819
7031.25,22.2109674223,113.5461473465
7027.46,22.2005277268,113.5490870476
7017.54,22.2028422078,113.538261652
7016.49,22.2143544449,113.544741869
7016.49,22.2143544449,113.544741869
7016.49,22.2143544449,113.544741869
7002.92,22.2026435414,113.5376286507
7000.57,22.1947777918,113.5432227141
7000,22.201282669,113.5417914391
7000,22.192610523,113.5481107235
7000,22.1944582416,113.5430574417
6998.81,22.2067260793,113.5448598862
6989.25,22.2053652465,113.5412120819
6987.34,22.1582941715,113.5578203201
6987.06,22.2064828646,113.5558621041
6987.01,22.2076597817,113.542971611
6981.71,22.2064828646,113.5558621041
6977.78,22.1956105699,113.5420811176
6972.48,22.2053652465,113.5412120819
6971.58,22.1956105699,113.5420811176
6970.85,22.1993754388,113.54159832
6943.83,22.188418297,113.5485291481
6936.42,22.2100933387,113.5443341732
6935.78,22.2053652465,113.5412120819
6933.33,22.2109674223,113.5461473465
6932.52,22.1927893355,113.5472095013
6925.95,22.2009647991,113.5539579391
6925.62,22.1907925825,113.5359978676
6923.08,22.2143544449,113.544741869
6923.08,22.2118117024,113.5526382923
6923.08,22.2074511891,113.5567903519
6923.08,22.2074511891,113.5567903519
6917.15,22.2046301926,113.556060791
6916.67,22.2098648841,113.5522949696
6909.09,22.2057526382,113.5528957844
6909.09,22.1894017925,113.5516405106
6909.09,22.2057526382,113.5528957844
6909.09,22.2057526382,113.5528957844
6909.09,22.206457887,113.5557603836
6897.37,22.2074313232,113.5548377037
6892.31,22.2074511891,113.5567903519
6892.31,22.2074511891,113.5567903519
6892.31,22.2143544449,113.544741869
6892.31,22.2074511891,113.5567903519
6890.76,22.1897991625,113.548926115
6884.62,22.2120202885,113.5512435436
6882.85,22.2033885389,113.5400104523
6882.59,22.2046301926,113.556060791
6875,22.208682874,113.5559105873
6875,22.208682874,113.5559105873
6872.73,22.2057526382,113.5528957844
6872.73,22.2053652465,113.5412120819
6871.61,22.2109674223,113.5461473465
6870.75,22.2091695853,113.5435187817
6870.08,22.2047791903,113.543035984
6868.2,22.208682874,113.5559105873
6867.47,22.2074313232,113.5548377037
6867.47,22.2074313232,113.5548377037
6866.57,22.2143544449,113.544741869
6866.57,22.2143544449,113.544741869
6865.08,22.20908,113.536111
6864.86,22.201282669,113.5417914391
6864.41,22.1881103324,113.5522413254
6863.64,22.1894017925,113.5516405106
6857.86,22.2074313232,113.5548377037
6853.53,22.2109674223,113.5461473465
6849.8,22.188418297,113.5485291481
6843.75,22.206457887,113.5557603836
6843.75,22.206457887,113.5557603836
6843.75,22.206457887,113.5557603836
6843.37,22.208682874,113.5559105873
6843.37,22.208682874,113.5559105873
6842.11,22.2062294265,113.5504066944
6838.1,22.2036468038,113.5433256626
6835.82,22.2143544449,113.544741869
6833.33,22.2118117024,113.5526382923
6829.27,22.2033388725,113.54205966
6829.27,22.2105502467,113.5477888584
6828.57,22.2028422078,113.538261652
6827.96,22.201282669,113.5417914391
6825.17,22.2049182547,113.5519301891
6825.17,22.2049182547,113.5519301891
6825.17,22.2049182547,113.5519301891
6818.73,22.2029514741,113.5496020317
6818.65,22.2033885389,113.5400104523
6818.65,22.2033885389,113.5400104523
6818.18,22.201282669,113.5417914391
6818.18,22.201282669,113.5417914391
6818.18,22.2144736348,113.5516083241
6818.18,22.2053652465,113.5412120819
6812.5,22.2074313232,113.5548377037
6810.93,22.2028422078,113.5483467579
6808.51,22.210580045,113.5477995872
6802.22,22.206457887,113.5557603836
6802.22,22.2064828646,113.5558621041
6802.22,22.2064828646,113.5558621041
6802.22,22.206457887,113.5557603836
6802.22,22.206457887,113.5557603836
6802.22,22.206457887,113.5557603836
6802.22,22.206457887,113.5557603836
6800,22.2046301926,113.556060791
6791.04,22.1944582416,113.5430574417
6785.71,22.2129539557,113.5461473465
6785.24,22.2109674223,113.5461473465
6784.66,22.1944582416,113.5430574417
6778.17,22.1912098168,113.5523378849
6775.51,22.2142650524,113.5468661785
6773.4,22.2033388725,113.54205966
6773.33,22.201282669,113.5417914391
6771.65,22.2062294265,113.5504066944
6768.95,22.201282669,113.5417914391
6768.95,22.201282669,113.5417914391
6762.47,22.1881103324,113.5522413254
6762.47,22.1881103324,113.5522413254
6759.91,22.208682874,113.5559105873
6758.07,22.188418297,113.5485291481
6756.76,22.2029316075,113.5381758213
6746.77,22.206457887,113.5557603836
6746.77,22.2064828646,113.5558621041
6741.94,22.206457887,113.5557603836
6741.85,22.2074313232,113.5548377037
6741.85,22.208682874,113.5559105873
6740.2,22.2094079738,113.5544514656
6738.46,22.2118117024,113.5526382923
6738.46,22.2074511891,113.5567903519
6738.46,22.2074511891,113.5567903519
6735.75,22.2033885389,113.5400104523
6733.33,22.201282669,113.5417914391
6727.27,22.2109674223,113.5461473465
6727.27,22.201282669,113.5417914391
6725,22.2074313232,113.5548377037
6725,22.2074313232,113.5548377037
6725,22.2074313232,113.5548377037
6725,22.2074313232,113.5548377037
6725,22.208682874,113.5559105873
6725,22.2028422078,113.538261652
6725,22.2074313232,113.5548377037
6725,22.2074313232,113.5548377037
6724.47,22.2046301926,113.556060791
6722.89,22.208682874,113.5559105873
6722.69,22.188418297,113.5485291481
6720.58,22.1984317477,113.544216156
6718.75,22.1915575111,113.5351610184
6715.03,22.2033885389,113.5400104523
6699.75,22.1886368522,113.5496556759
6695.57,22.2046301926,113.556060791
6690.91,22.2064828646,113.5558621041
6690.91,22.2064828646,113.5558621041
6690.91,22.206457887,113.5557603836
6690.91,22.206457887,113.5557603836
6687.5,22.208682874,113.5559105873
6685.71,22.2053652465,113.5412120819
6685.71,22.2053652465,113.5412120819
6666.67,22.2083054234,113.5536682606
6654.34,22.206457887,113.5557603836
6651.02,22.206457887,113.5557603836
6650.54,22.208682874,113.5559105873
6648.04,22.1914383018,113.5495376587
6644.44,22.2053652465,113.5412120819
6643.55,22.2026435414,113.5376286507
6642.86,22.208682874,113.5559105873
6641.98,22.2074313232,113.5548377037
6641.79,22.2143544449,113.544741869
6640,22.2129539557,113.5461473465
6640,22.2046301926,113.556060791
6638.95,22.2026435414,113.5376286507
6638.89,22.2129539557,113.5461473465
6636.36,22.206457887,113.5557603836
6636.36,22.206457887,113.5557603836
6636.36,22.2074511891,113.5567903519
6636.36,22.2057526382,113.5528957844
6636.36,22.206457887,113.5557603836
6636.36,22.2064828646,113.5558621041
6636.36,22.2064828646,113.5558621041
6634.23,22.188418297,113.5485291481
6633.33,22.2098648841,113.5522949696
6633.33,22.2098648841,113.5522949696
6631.58,22.2062294265,113.5504066944
6626.51,22.2074313232,113.5548377037
6626.51,22.208682874,113.5559105873
6625.77,22.1927893355,113.5472095013
6623.93,22.2053652465,113.5412120819
6617.38,22.2064828646,113.5558621041
6611.4,22.2033885389,113.5400104523
6610.53,22.2083054234,113.5536682606
6610.53,22.2062294265,113.5504066944
6610.17,22.2083054234,113.5536682606
6605.71,22.2053652465,113.5412120819
6604.65,22.208682874,113.5559105873
6604.65,22.2074313232,113.5548377037
6604.65,22.2094079738,113.5544514656
6600,22.2074313232,113.5548377037
6600,22.2054149121,113.5437011719
6597.22,22.2129539557,113.5461473465
6589.29,22.2021766742,113.5451495647
6588.24,22.2077491784,113.5505568981
6588.24,22.208682874,113.5559105873
6588.24,22.2077491784,113.5505568981
6588.24,22.2077491784,113.5505568981
6588.24,22.2077491784,113.5505568981
6588.24,22.208682874,113.5559105873
6584.91,22.1894017925,113.5516405106
6583.33,22.2102423306,113.5554921627
6583.33,22.2102423306,113.5554921627
6582.13,22.2074313232,113.5548377037
6580,22.2033885389,113.5400104523
6580,22.2033885389,113.5400104523
6578.95,22.2062294265,113.5504066944
6577.54,22.2021766742,113.5451495647
6577.32,22.2033885389,113.5400104523
6574.39,22.1888156698,113.5520267487
6572.77,22.206457887,113.5557603836
6572.77,22.206457887,113.5557603836
6572.77,22.206457887,113.5557603836
6572.77,22.2064828646,113.5558621041
6571.43,22.2138578191,113.5452783108
6571.43,22.2138578191,113.5452783108
6569.77,22.208682874,113.5559105873
6566.67,22.2076597817,113.542971611
6565.84,22.1894017925,113.5516405106
6565.84,22.1894017925,113.5516405106
6565.84,22.1894017925,113.5516405106
6564.71,22.208682874,113.5559105873
6564.71,22.208682874,113.5559105873
6563.71,22.2051367842,113.5458254814
6562.5,22.199504575,113.5484004021
6560.98,22.2094079738,113.5544514656
6560.98,22.2074313232,113.5548377037
6560.98,22.2074313232,113.5548377037
6557.09,22.1888156698,113.5520267487
6549.52,22.2026435414,113.5376286507
6549.52,22.2026435414,113.5376286507
6549.52,22.2026435414,113.5376286507
6549.3,22.2053652465,113.5412120819
6547.93,22.1927893355,113.5472095013
6543.78,22.2028422078,113.538261652
6542.86,22.2103515912,113.5510611534
6542.86,22.2053652465,113.5412120819
6542.06,22.208682874,113.5559105873
6541.47,22.206457887,113.5557603836
6539.68,22.2083054234,113.5536682606
6538.46,22.2029316075,113.5381758213
6538.46,22.2029316075,113.5381758213
6538.46,22.2029316075,113.5381758213
6538.46,22.2029316075,113.5381758213
6535.95,22.1976072544,113.5460078716
6533.55,22.2026435414,113.5376286507
6533.55,22.2026435414,113.5376286507
6532.26,22.206308891,113.5454392433
6531.25,22.2064828646,113.5558621041
6526.87,22.1976072544,113.5460078716
6523.81,22.2013422695,113.5537219048
6521.74,22.1912098168,113.5523378849
6521.74,22.1867393847,113.5505461693
6517.78,22.1886368522,113.5496556759
6511.09,22.208682874,113.5559105873
6509.8,22.1976072544,113.5460078716
6509.09,22.2064828646,113.5558621041
6509.09,22.206457887,113.5557603836
6508.47,22.1910011998,113.5465550423
6507.49,22.1894017925,113.5516405106
6506.67,22.2083054234,113.5536682606
6505.44,22.2074313232,113.5548377037
6505.44,22.2074313232,113.5548377037
6505.44,22.2074313232,113.5548377037
6505.26,22.2083054234,113.5536682606
6500.54,22.2076597817,113.542971611
6500,22.2098648841,113.5522949696
6500,22.1897991625,113.548926115
6497.58,22.2074313232,113.5548377037
6497.58,22.208682874,113.5559105873
6493.51,22.1894017925,113.5516405106
6490.57,22.1894017925,113.5516405106
6484.85,22.2057526382,113.5528957844
6480,22.2129539557,113.5461473465
6480,22.2026435414,113.5376286507
6475,22.208682874,113.5559105873
6475,22.208682874,113.5559105873
6475,22.208682874,113.5559105873
6475,22.208682874,113.5559105873
6473.68,22.2083054234,113.5536682606
6470.59,22.2077491784,113.5505568981
6470.59,22.2077491784,113.5505568981
6470.59,22.2077491784,113.5505568981
6469.5,22.206457887,113.5557603836
6469.17,22.2074313232,113.5548377037
6468.93,22.2126460449,113.5480463505
6468.93,22.2126460449,113.5480463505
6467.66,22.208682874,113.5559105873
6465.52,22.2083054234,113.5536682606
6465.52,22.2083054234,113.5536682606
6459.02,22.1929780818,113.5517370701
6456.14,22.2138578191,113.5452783108
6451.61,22.2076597817,113.542971611
6447.99,22.190703175,113.5467374325
6447.06,22.208682874,113.5559105873
6430.77,22.206457887,113.5557603836
6429.91,22.1928787417,113.5393452644
6429.63,22.2036468038,113.5433256626
6426.55,22.2126460449,113.5480463505
6425.34,22.2049182547,113.5519301891
6422.02,22.2028422078,113.538261652
6421.05,22.2046301926,113.556060791
6420.05,22.208682874,113.5559105873
6416.54,22.1894017925,113.5516405106
6413.04,22.1912098168,113.5523378849
6408.71,22.2074313232,113.5548377037
6406.73,22.1894017925,113.5516405106
6406.73,22.1894017925,113.5516405106
6404.49,22.1886368522,113.5496556759
6400,22.2103515912,113.5510611534
6395.81,22.2057526382,113.5528957844
6393.44,22.1905480602,113.5526962476
6393.44,22.1929780818,113.5517370701
6388.89,22.2129539557,113.5461473465
6388.89,22.2034084054,113.5545265675
6388.89,22.2129539557,113.5461473465
6384.52,22.208682874,113.5559105873
6384.52,22.208682874,113.5559105873
6384.25,22.2074313232,113.5548377037
6382.98,22.2083054234,113.5536682606
6376.59,22.1992661697,113.544280529
6375,22.206457887,113.5557603836
6375,22.208682874,113.5559105873
6371.95,22.2064828646,113.5558621041
6369.05,22.2074313232,113.5548377037
6367.04,22.1992661697,113.544280529
6364.92,22.2053652465,113.5412120819
6363.64,22.206457887,113.5557603836
6363.64,22.206457887,113.5557603836
6363.64,22.206457887,113.5557603836
6363.64,22.206457887,113.5557603836
6363.64,22.206457887,113.5557603836
6363.64,22.206457887,113.5557603836
6359.74,22.2112184475,113.5547783436
6354.17,22.2027627412,113.5505783558
6353.59,22.1886368522,113.5496556759
6352.46,22.1905480602,113.5526962476
6350,22.208682874,113.5559105873
6350,22.208682874,113.5559105873
6350,22.2074313232,113.5548377037
6350,22.208682874,113.5559105873
6340.58,22.2074313232,113.5548377037
6338.03,22.1912098168,113.5523378849
6336.63,22.2126460449,113.5480463505
6331.52,22.1912098168,113.5523378849
6325.3,22.2074313232,113.5548377037
6320.91,22.2057526382,113.5528957844
6319.44,22.2129539557,113.5461473465
6313.83,22.190703175,113.5467374325
6304.35,22.1912098168,113.5523378849
6302.73,22.208682874,113.5559105873
6302.31,22.199166834,113.5478854179
6297.23,22.1897991625,113.548926115
6297.23,22.1897991625,113.548926115
6293.71,22.2129539557,113.5461473465
6285.71,22.2074313232,113.5548377037
6285.71,22.2074313232,113.5548377037
6280,22.1928390056,113.5514473915
6277.71,22.208682874,113.5559105873
6263.6,22.208682874,113.5559105873
6256.54,22.1976072544,113.5460078716
6256.52,22.1912098168,113.5523378849
6256.41,22.2049182547,113.5519301891
6255.81,22.208682874,113.5559105873
6241.05,22.2074313232,113.5548377037
6240.96,22.208682874,113.5559105873
6240.96,22.208682874,113.5559105873
6240.96,22.208682874,113.5559105873
6240.71,22.1905839649,113.5420918465
6237.5,22.2094079738,113.5544514656
6233.64,22.1881103324,113.5522413254
6233.24,22.1929383458,113.5526061058
6226.42,22.2074313232,113.5548377037
6225,22.2057526382,113.5528957844
6222.22,22.2027130746,113.5495698452
6222.22,22.2027130746,113.5495698452
6222.22,22.199166834,113.5478854179
6219.81,22.208682874,113.5559105873
6217.95,22.2049182547,113.5519301891
6207.55,22.1894017925,113.5516405106
6200,22.1905480602,113.5526962476
6195.12,22.208682874,113.5559105873
6195.12,22.208682874,113.5559105873
6195.12,22.208682874,113.5559105873
6187.85,22.1881103324,113.5522413254
6187.5,22.1966138826,113.54611516
6181.65,22.1881103324,113.5522413254
6180.56,22.2129539557,113.5461473465
6180,22.2129539557,113.5461473465
6160.49,22.2094079738,113.5544514656
6150.79,22.2025740081,113.5480999947
6143.08,22.2068552087,113.557498455
6142.51,22.2050275195,113.560116291
6142.51,22.2050275195,113.560116291
6138.46,22.2039050682,113.548207283
6134.55,22.2141955249,113.5456860065
6132.08,22.1894017925,113.5516405106
6125,22.2094079738,113.5544514656
6120.48,22.2074313232,113.5548377037
6119.61,22.1923224356,113.54860425
6116.07,22.2016402718,113.5435938835
6114.84,22.1898985048,113.5529494286
6113.21,22.1894017925,113.5516405106
6106.67,22.2129539557,113.5461473465
6100,22.2074313232,113.5548377037
6100,22.2129539557,113.5461473465
6100,22.2074313232,113.5548377037
6098.25,22.2028422078,113.5483467579
6094.57,22.186956139,113.5320981506
6088.5,22.1962662008,113.547617197
6088.5,22.1962662008,113.547617197
6085.37,22.2094079738,113.5544514656
6075.27,22.2053652465,113.5412120819
6062.5,22.2074313232,113.5548377037
6061.45,22.1885086297,113.5534359974
6052.63,22.2083054234,113.5536682606
6037.74,22.1874844666,113.5489904881
6031.75,22.1966734851,113.5399675369
6030.3,22.206457887,113.5557603836
6029.68,22.1929780818,113.5364592075
6028.83,22.2057526382,113.5528957844
6024.69,22.2074313232,113.5548377037
6022.73,22.1961569292,113.5435080528
6000,22.2053652465,113.5412120819
6000,22.2057526382,113.5528957844
6000,22.2074313232,113.5548377037
6000,22.2057526382,113.5528957844
6000,22.2074313232,113.5548377037
5997.99,22.2039050682,113.5429608822
5994.4,22.2049182547,113.5519301891
5993.15,22.196166863,113.540879488
5990,22.2015111375,113.5526382923
5976.47,22.2077491784,113.5505568981
5975,22.2074313232,113.5548377037
5975,22.2074313232,113.5548377037
5971.09,22.2026435414,113.5376286507
5971.09,22.2026435414,113.5376286507
5967.3,22.2049182547,113.5519301891
5958.52,22.2026435414,113.5376286507
5952.38,22.1910210681,113.538261652
5951.22,22.2074313232,113.5548377037
5948.37,22.1961569292,113.5435080528
5937.5,22.1966734851,113.5399675369
5937.5,22.2083054234,113.5536682606
5933.33,22.1870672212,113.5363411903
5933.01,22.1929880158,113.5426497459
5923.57,22.2039150014,113.5428857803
5918.92,22.1883090193,113.5337984562
5916.67,22.2083054234,113.5536682606
5910.22,22.1898985048,113.5529494286
5903.61,22.1874844666,113.5489904881
5901.64,22.2025541414,113.5419738293
5901.64,22.2025541414,113.5419738293
5901.64,22.2025541414,113.5419738293
5880.92,22.1930070771,113.5503671889
5879.52,22.2074313232,113.5548377037
5879.52,22.2074313232,113.5548377037
5878.14,22.1995145086,113.5397207737
5870.97,22.1898985048,113.5529494286
5870.97,22.1898985048,113.5529494286
5870.97,22.1898985048,113.5529494286
5869.57,22.1912098168,113.5523378849
5868.47,22.2049182547,113.5519301891
5861.51,22.1898985048,113.5529494286
5858.82,22.2077491784,113.5505568981
5851.85,22.2036468038,113.5433256626
5833.33,22.2013025359,113.5421133041
5833.33,22.2129539557,113.5461473465
5833.33,22.2049182547,113.5519301891
5828.57,22.1966734851,113.5399675369
5814.81,22.2036468038,113.5433256626
5800,22.2053652465,113.5412120819
5800,22.2049182547,113.5519301891
5800,22.2053652465,113.5412120819
5800,22.1898985048,113.5529494286
5788.18,22.2074313232,113.5548377037
5777.78,22.196166863,113.540879488
5760.87,22.1905480602,113.5526962476
5750,22.2124672576,113.5395920277
5750,22.2039050682,113.5429608822
5737.7,22.2005277268,113.5490870476
5736.78,22.2005277268,113.5490870476
5733.94,22.1870672212,113.5363411903
5730.13,22.202881941,113.5453534126
5725,22.2057526382,113.5528957844
5706.67,22.1907528459,113.5359120369
5685.71,22.2049182547,113.5519301891
5685.71,22.2049182547,113.5519301891
5682.54,22.2029514741,113.5434544086
5680.75,22.2024945414,113.5509002209
5678.57,22.1995145086,113.5397207737
5669.72,22.1928390056,113.5514473915
5666.67,22.1964549424,113.5394310951
5653.27,22.1882692819,113.5313737392
5638.3,22.2016800054,113.5449779034
5629.63,22.2036468038,113.5433256626
5617.98,22.210222465,113.5382831097
5604.5,22.190703175,113.5467374325
5604.5,22.190703175,113.5467374325
5604.5,22.190703175,113.5467374325
5600,22.2047493908,113.5471773148
5600,22.2005575273,113.543561697
5600,22.2049182547,113.5519301891
5600,22.2057526382,113.5528957844
5600,22.2039050682,113.5429608822
5600,22.2039050682,113.5429608822
5600,22.2039050682,113.5429608822
5600,22.2047493908,113.5471773148
5586.78,22.2049182547,113.5519301891
5584,22.1927694675,113.5484218597
5584,22.1927694675,113.5484218597
5582.09,22.1925608528,113.5505568981
5573.03,22.210222465,113.5382831097
5569.89,22.2066962801,113.5449457169
5562.34,22.1876831545,113.5368025303
5560,22.1978158616,113.5424780846
5555.56,22.1985310839,113.5442054272
5555.56,22.1983824443,113.5423474592
5523.81,22.2039050682,113.5429608822
5521.2,22.1984714822,113.5446023941
5512.61,22.202007807,113.5443341732
5509.09,22.2036468038,113.5433256626
5494.29,22.199166834,113.5478854179
5487.92,22.2034481385,113.5400533676
5482.76,22.2036468038,113.5433256626
5469.92,22.1952827533,113.5538291931
5450.82,22.1952827533,113.5538291931
5449.01,22.210222465,113.5382831097
5436.36,22.2036468038,113.5433256626
5428.57,22.1929383458,113.5526061058
5424.59,22.2002098552,113.5386586189
5408.65,22.2001601877,113.5425746441
5408.65,22.2001601877,113.5425746441
5408.65,22.2001601877,113.5425746441
5395.68,22.2001601877,113.5425746441
5386.57,22.2002098552,113.5386586189
5384.62,22.2049182547,113.5519301891
5367.09,22.1930070771,113.5503671889
5365.08,22.1991171661,113.5379612446
5351.35,22.201670072,113.5406005383
5350,22.2098648841,113.5522949696
5341.54,22.2015111375,113.5526382923
5339.81,22.2000707862,113.5419631004
5338.98,22.1901965314,113.5337662697
5334.44,22.1897991625,113.548926115
5321.43,22.2000310521,113.5412657261
5315.61,22.1897991625,113.548926115
5314.29,22.2023753413,113.551543951
5300.93,22.2011833347,113.5505568981
5300,22.1929383458,113.5526061058
5288.46,22.2000310521,113.5412657261
5282.35,22.2010144663,113.551222086
5269.84,22.1930070771,113.5503671889
5264.8,22.192074084,113.5364484787
5250,22.2002098552,113.5386586189
5250,22.2002098552,113.5386586189
5241.38,22.2049182547,113.5519301891
5237.5,22.1929780818,113.5517370701
5225.36,22.1878321701,113.5496020317
5219.05,22.203656737,113.5485506058
5214.29,22.2016502052,113.5385513306
5214.29,22.2016502052,113.5385513306
5209.95,22.190703175,113.5467374325
5206.35,22.1991171661,113.5379612446
5200,22.2126460449,113.5480463505
5198.33,22.2011833347,113.5505568981
5194.03,22.2094874366,113.5365879536
5181.55,22.1909117925,113.5476064682
5181.55,22.1909117925,113.5476064682
5173.5,22.2052361157,113.5459113121
5162.09,22.1926800612,113.5509967804
5138.49,22.1914283676,113.5462331772
5123.81,22.1945476467,113.5462117195
5105.26,22.2093682424,113.5488080978
5100.67,22.198262876,113.5438621044
5063.61,22.2016899388,113.5508680344
5063.61,22.2016899388,113.5508680344
5061.73,22.202603808,113.5497736931
5058.82,22.1926800612,113.5509967804
5054.43,22.190703175,113.5467374325
5048.08,22.2094874366,113.5365879536
5048.08,22.2094874366,113.5365879536
5048.08,22.2094874366,113.5365879536
5048.08,22.2094874366,113.5365879536
5046.08,22.1991171661,113.5379612446
5037.97,22.1878421045,113.5351395607
5028.57,22.203656737,113.5485506058
5007.26,22.2027627412,113.5425639153
5002.18,22.1870672212,113.5363411903
5000,22.2094874366,113.5365879536
5000,22.2013422695,113.5537219048
5000,22.1926800612,113.5509967804
4994.45,22.2079677035,113.5494410992
4988.07,22.1953224887,113.5447847843
4970.59,22.1958887167,113.5433793068
4957.51,22.2037262698,113.5491836071
4937.5,22.1952827533,113.5538291931
4937.5,22.1952827533,113.5538291931
4934.31,22.1944880433,113.5380363464
4929.97,22.196166863,113.540879488
4928.57,22.2046202594,113.5459113121
4922.64,22.1940012812,113.5446882248
4914,22.1874844666,113.5489904881
4904.11,22.1915575111,113.5351610184
4898.91,22.190703175,113.5467374325
4898.91,22.190703175,113.5467374325
4898.91,22.190703175,113.5467374325
4898.91,22.190703175,113.5467374325
4884.55,22.188388494,113.5370278358
4875,22.191011134,113.5476064682
4871.79,22.1909117925,113.5476064682
4869.28,22.2004581925,113.543432951
4863.31,22.1999714511,113.5442054272
4822.04,22.2087027398,113.5490119457
4822.04,22.2087027398,113.5490119457
4822.04,22.2087027398,113.5490119457
4800,22.2087027398,113.5490119457
4779.71,22.1876632857,113.5321784019
4778.76,22.1897991625,113.548926115
4775.76,22.2015111375,113.5526382923
4766.58,22.2092788467,113.5438084602
4749.71,22.2087027398,113.5490119457
4730.16,22.1883090193,113.5337984562
4719.42,22.1999714511,113.5442054272
4715.64,22.1534848418,113.5560071468
4705.88,22.1995145086,113.5397207737
4695.05,22.2087027398,113.5490119457
4695.05,22.2087027398,113.5490119457
4685.71,22.1999714511,113.5442054272
4684.27,22.2087027398,113.5490119457
4682.15,22.19064357,113.5479712486
4678.9,22.2087027398,113.5490119457
4674.7,22.2047394576,113.5421562195
4655.17,22.2087027398,113.5490119457
4638.55,22.1978158616,113.5424780846
4628.57,22.2087027398,113.5490119457
4627.4,22.2094874366,113.5365879536
4625,22.191011134,113.5476064682
4602.15,22.2026236747,113.5421776772
4584.27,22.2087027398,113.5490119457
4576.47,22.1901766629,113.5345494747
4570.55,22.2039050682,113.5429608822
4548.83,22.1967827563,113.5478425026
4548.83,22.1967827563,113.5478425026
4548.83,22.1967827563,113.5478425026
4508.29,22.2087027398,113.5490119457
4497.18,22.2087027398,113.5490119457
4444.44,22.1882692819,113.5313737392
4437.01,22.210222465,113.5382831097
4435.48,22.1882692819,113.5313737392
4430.52,22.1901766629,113.5345494747
4422.22,22.2005674607,113.5444200039
4418.6,22.1876831545,113.5368025303
4413.47,22.2031402068,113.5435938835
4400.44,22.1961072603,113.5474562645
4394.9,22.1882692819,113.5313737392
4360.19,22.1882692819,113.5313737392
4355.4,22.2086232766,113.5440123081
4355.4,22.2086232766,113.5440123081
4355.4,22.2086232766,113.5440123081
4355.4,22.2086232766,113.5440123081
4333.64,22.2020376071,113.5484540462
4295,22.1928390056,113.5514473915
4294.74,22.2087027398,113.5490119457
4285.71,22.2010542001,113.5411906242
4285.71,22.2010542001,113.5411906242
4280,22.1882692819,113.5313737392
4240,22.2010542001,113.5411906242
4235.29,22.2018290062,113.5517799854
4235.29,22.2018290062,113.5517799854
4163.42,22.2002098552,113.5386586189
4140.88,22.1956006361,113.5444307327
4139.26,22.2034481385,113.5400533676
4108.7,22.1945277789,113.5431110859
4081.63,22.2002098552,113.5386586189
4072.29,22.2030806071,113.5413944721
4063.14,22.1883785597,113.5328221321
4059.96,22.1928390056,113.5514473915
4055.84,22.1928390056,113.5514473915
4042.35,22.2011535344,113.5407400131
4032.44,22.2024741553,113.5404422362
3995,22.1928390056,113.5514473915
3995,22.1928390056,113.5514473915
3990,22.1995145086,113.5397207737
3985.19,22.2012230685,113.543368578
3936.76,22.2033289392,113.5457932949
3830.77,22.1929383458,113.5385191441
3585.4,22.2035673377,113.5410404205
3489.85,22.2035673377,113.5410404205
3217.46,22.2008157974,113.5489690304
3155.82,22.1956006361,113.5444307327