氹仔,22.1572905853,8426.97
氹仔,22.1621097211,6689.9
氹仔,22.1570719814,4854.09
氹仔,22.1616526555,6440.68
氹仔,22.1575688079,5266.67
氹仔,22.1577377286,6122.78
氹仔,22.1621892106,5704.47
氹仔,22.1575688079,7788.65
氹仔,22.1577377286,6362.72
氹仔,22.1616526555,6677.97
氹仔,22.1584829642,5997.99
氹仔,22.1569527428,6182.97
氹仔,22.1577377286,6464.03
氹仔,22.1583438538,6993.87
氹仔,22.1570719814,4868.29
氹仔,22.1585028371,6108.11
氹仔,22.1577377286,6058.76
氹仔,22.1570719814,5370.37
氹仔,22.1621892106,4901.96
氹仔,22.1555516813,6292.35
氹仔,22.1616526555,6921.88
氹仔,22.1585028371,8369.8
氹仔,22.1652296509,5297.62
氹仔,22.1616526555,6316.67
氹仔,22.1583438538,6969.33
氹仔,22.1584829642,7035.29
氹仔,22.1611459072,5846.15
氹仔,22.1606789022,7418.4
氹仔,22.1606789022,6839.46
氹仔,22.1606789022,7641.79
氹仔,22.1589797857,6175.77
氹仔,22.157866903,7357.86
氹仔,22.1602019593,7312.15
氹仔,22.1602019593,6842.37
氹仔,22.1616526555,6718.75
氹仔,22.1602019593,7299.9
氹仔,22.157866903,7311.52
氹仔,22.1570421718,7279.95
氹仔,22.1570421718,6885.03
氹仔,22.1605994118,5608.11
氹仔,22.1606789022,8085.94
氹仔,22.1606789022,7941.75
氹仔,22.1583339174,7462.69
氹仔,22.1585028371,7561.6
氹仔,22.1579993335,7565.79
氹仔,22.1602019593,8000
氹仔,22.1602019593,8356.16
氹仔,22.1602019593,8501.23
氹仔,22.1602019593,8204.62
氹仔,22.1602019593,8000
氹仔,22.1555516813,6292.35
氹仔,22.1606789022,7127.33
氹仔,22.161672528,6789.12
氹仔,22.1621097211,5932.2
氹仔,22.1570719814,5380.33
氹仔,22.1606789022,6940.06
氹仔,22.1562472455,6232.64
氹仔,22.1570421718,6717.91
氹仔,22.1612055247,7625
氹仔,22.1585028371,8450.36
氹仔,22.1611459072,6935.78
氹仔,22.1573402679,6085.27
氹仔,22.1562472455,5613.41
氹仔,22.1612055247,6969.33
氹仔,22.1621097211,6440.07
氹仔,22.1621892106,4693.88
氹仔,22.163381548,6414.17
氹仔,22.1577377286,5957.45
氹仔,22.1602019593,8418.13
氹仔,22.1602019593,10000
氹仔,22.1602019593,7814.87
氹仔,22.1584829642,6443.97
氹仔,22.157866903,7357.86
氹仔,22.1580556962,7290.4
氹仔,22.158304108,7040
氹仔,22.1524017263,6188.12
氹仔,22.1589797857,6720.43
氹仔,22.1616526555,6440.68
氹仔,22.1602019593,8345.98
氹仔,22.1570719814,5383.66
氹仔,22.1582643621,4873.42
氹仔,22.1654482421,6730.77
氹仔,22.1585823286,6165.05
氹仔,22.1585823286,6725.66
氹仔,22.1607285836,7285.71
氹仔,22.1582643621,4873.42
氹仔,22.1569527428,5537.6
氹仔,22.1524017263,7600
氹仔,22.1576483,7432.56
氹仔,22.1582643621,4794.52
氹仔,22.1570719814,5222.09
氹仔,22.1579993335,10101.01
氹仔,22.1589797857,6533.71
氹仔,22.1577377286,6300.48
氹仔,22.1602019593,7320
氹仔,22.1575688079,7666.67
氹仔,22.161672528,6789.12
氹仔,22.1586518837,7570.77
氹仔,22.1585028371,8009.42
氹仔,22.1562472455,5685.22
氹仔,22.1577377286,6565.35
氹仔,22.1606789022,7500.95
氹仔,22.1579993335,10521.89
氹仔,22.1577377286,6565.35
氹仔,22.1577377286,6261.4
氹仔,22.1583438538,6038.46
氹仔,22.1616526555,6355.93
氹仔,22.1621097211,6713.19
氹仔,22.1602019593,7994.01
氹仔,22.1569229331,7810.99
氹仔,22.1607285836,6285.71
氹仔,22.158304108,8844.44
氹仔,22.1583339174,7380
氹仔,22.1536040834,6750
氹仔,22.1583438538,7170.73
氹仔,22.1602019593,9056.32
氹仔,22.1578370935,6533.71
氹仔,22.1584829642,6030.77
氹仔,22.1585028371,8682.35
氹仔,22.1588804215,6701.49
氹仔,22.1569328697,6980.58
氹仔,22.1577377286,6382.98
氹仔,22.1576781095,7695.24
氹仔,22.1570719814,4941.63
氹仔,22.1562472455,6797.39
氹仔,22.1571812834,8174.39
氹仔,22.1570421718,72799.47
氹仔,22.1575688079,5986.21
氹仔,22.1524017263,7300
氹仔,22.1524017263,7500
氹仔,22.1570421718,7279.95
氹仔,22.1585028371,8638.92
氹仔,22.1570719814,5403.73
氹仔,22.1569328697,8009.71
氹仔,22.157866903,7254.62
氹仔,22.1602019593,7899.54
氹仔,22.1588804215,7115.38
氹仔,22.1589797857,6535.58
氹仔,22.1555516813,7692.31
氹仔,22.1579993335,7401.32
氹仔,22.1578370935,5800
氹仔,22.1570719814,4854.09
氹仔,22.1578370935,5978.26
氹仔,22.1585028371,6698.11
氹仔,22.1524017263,6699.03
氹仔,22.1583438538,6985.29
氹仔,22.1647725955,9551.02
氹仔,22.1576483,7058.82
氹仔,22.1573402679,6108.53
氹仔,22.1571812834,12000
氹仔,22.1570421718,8676.47
氹仔,22.1570719814,8584.91
氹仔,22.1576483,7669
氹仔,22.1589201672,8070.62
氹仔,22.1562472455,6406.25
氹仔,22.1583438538,6993.87
氹仔,22.157866903,7885.18
氹仔,22.1583438538,5960.78
氹仔,22.1586518837,6435.21
氹仔,22.1576781095,7316.67
氹仔,22.1603609404,4799.22
氹仔,22.1562472455,7170.87
氹仔,22.1570719814,5490
氹仔,22.161672528,6768.71
氹仔,22.1607285836,7258.98
氹仔,22.1577377286,6203.55
氹仔,22.1569328697,7038.83
氹仔,22.1585823286,7341.34
氹仔,22.1570719814,4854.09
氹仔,22.1606789022,6645.57
氹仔,22.1585028371,7130.43
氹仔,22.1593871781,7608.7
氹仔,22.1562472455,6797.39
氹仔,22.1602019593,8171.43
氹仔,22.157866903,7357.86
氹仔,22.163381548,5312.5
氹仔,22.1602019593,8083.83
氹仔,22.1575688079,5266.67
氹仔,22.1562472455,6797.39
氹仔,22.157866903,7254.62
氹仔,22.1570719814,4736.84
氹仔,22.1583339174,7470.12
氹仔,22.1585028371,7130.43
氹仔,22.1585028371,6956.52
氹仔,22.1569328697,7864.08
氹仔,22.1607285836,8196.32
氹仔,22.1616526555,6546.88
氹仔,22.1584829642,6875
氹仔,22.1561379428,5647.06
氹仔,22.1606789022,6903.55
氹仔,22.1577377286,6869.3
氹仔,22.1582643621,5320.44
氹仔,22.1602019593,7572.08
氹仔,22.155949147,7906.98
氹仔,22.1606789022,7378.88
氹仔,22.1569328697,7708.74
氹仔,22.1602019593,7111.47
氹仔,22.1589797857,6727.09
氹仔,22.1602019593,6994.42
氹仔,22.1585028371,6666.67
氹仔,22.158304108,6123.08
氹仔,22.1575688079,7722.77
氹仔,22.1575688079,6717.39
氹仔,22.1582643621,5000
氹仔,22.1583438538,7107.84
氹仔,22.161672528,5937.29
氹仔,22.1606789022,6249.12
氹仔,22.1602019593,7520
氹仔,22.1569328697,7038.83
氹仔,22.1606789022,7418.4
氹仔,22.1602019593,8059.7
氹仔,22.1602019593,7739
氹仔,22.1582643621,6000
氹仔,22.1585028371,8574.79
氹仔,22.1616526555,6762.71
氹仔,22.1606789022,7318.7
氹仔,22.1606789022,8189.38
氹仔,22.1621892106,5306.12
氹仔,22.1570719814,4371.05
氹仔,22.1602019593,7105.79
氹仔,22.1606789022,8632.32
氹仔,22.2024448747,6921.99
氹仔,22.1570421718,8432.89
氹仔,22.1606789022,9528.54
氹仔,22.1585028371,6560.45
氹仔,22.1585028371,8191.75
氹仔,22.1585028371,5938.24
氹仔,22.1585028371,5851.06
氹仔,22.1570421718,7279.95
氹仔,22.1570719814,5415.16
氹仔,22.1602019593,7001.01
氹仔,22.1569229331,7172.88
氹仔,22.1585028371,8470.59
氹仔,22.1571812834,12229.7
氹仔,22.1621892106,5093.95
氹仔,22.1577377286,6300.48
氹仔,22.1524017263,7800
氹仔,22.1583339174,7470.12
氹仔,22.1572905853,7605.47
氹仔,22.1570719814,5851.85
氹仔,22.1607285836,7427.47
氹仔,22.157866903,7254.62
氹仔,22.1570719814,5222.09
氹仔,22.1570719814,4522.61
氹仔,22.1582643621,4695.65
氹仔,22.1524017263,6800
氹仔,22.1570421718,7279.95
氹仔,22.1602019593,6842.37
氹仔,22.157866903,7311.52
氹仔,22.1585028371,8235.29
氹仔,22.1621892106,4882.35
氹仔,22.1536040834,7391.3
氹仔,22.1603609404,6400
氹仔,22.1570421718,7627.56
氹仔,22.1576781095,7695.24
氹仔,22.1569527428,6530.61
氹仔,22.1602019593,7572.08
氹仔,22.1569527428,4919.18
氹仔,22.1576781095,7695.24
氹仔,22.1611459072,6752.29
氹仔,22.1582643621,4560.44
氹仔,22.1594666691,6581.13
氹仔,22.1570719814,5445.54
氹仔,22.157866903,7112.38
氹仔,22.1570719814,4998.15
氹仔,22.1602019593,10526.32
氹仔,22.157866903,7357.86
氹仔,22.1602019593,8000
氹仔,22.1585028371,6275.96
氹仔,22.1577377286,6565.35
氹仔,22.1602019593,7350.75
氹仔,22.1582643621,4906.25
氹仔,22.1585028371,6266.24
氹仔,22.1589797857,6727.09
氹仔,22.1607285836,6588.24
氹仔,22.1589797857,6727.09
氹仔,22.1582643621,5000
氹仔,22.157866903,7105.26
氹仔,22.1571812834,7764.95
氹仔,22.1524017263,776481.23
氹仔,22.1575688079,5479.45
氹仔,22.1589797857,6736.84
氹仔,22.1589797857,6736.84
氹仔,22.1573402679,5811.97
氹仔,22.1575688079,5386.67
氹仔,22.1570719814,5383.66
氹仔,22.1573402679,6118.01
氹仔,22.1573402679,6118.01
氹仔,22.1572905853,7278.85
氹仔,22.1575688079,5266.67
氹仔,22.1612055247,7705.52
氹仔,22.1606789022,6717.85
氹仔,22.1569527428,5377.81
氹仔,22.1569527428,5939.99
氹仔,22.1575688079,7436.4
氹仔,22.1579165855,5766.35
氹仔,22.1570719814,5380.33
氹仔,22.158304108,9202.45
氹仔,22.1606789022,8982.04
氹仔,22.1589797857,6797.58
氹仔,22.1585028371,6413.3
氹仔,22.1555516813,8289.41
氹仔,22.1524017263,6471.18
氹仔,22.1585028371,8574.79
氹仔,22.1576781095,7709.92
氹仔,22.1570719814,5442.18
氹仔,22.1616526555,6440.68
氹仔,22.1606789022,7912.62
氹仔,22.1606789022,8645.53
氹仔,22.1606789022,9711.36
氹仔,22.1606789022,5621.49
氹仔,22.1606789022,7318.7
氹仔,22.1606789022,7281
氹仔,22.1606789022,6708.07
氹仔,22.1606789022,6703.47
氹仔,22.1582643621,5620.25
氹仔,22.1606789022,9528.54
氹仔,22.1606789022,6921.82
氹仔,22.1606789022,7319.49
氹仔,22.1562472455,6597.22
氹仔,22.1606789022,8252.43
氹仔,22.1570719814,5445.54
氹仔,22.1585028371,7494.15
氹仔,22.1606789022,6605.02
氹仔,22.1606789022,6717.85
氹仔,22.163381548,5280.83
氹仔,22.1580556962,6512.56
氹仔,22.1562472455,7450.98
氹仔,22.1570719814,5370.37
氹仔,22.1606789022,6263.19
氹仔,22.1621097211,6483.6
氹仔,22.1578370935,5283.02
氹仔,22.1576483,7046.12
氹仔,22.157866903,7029.88
氹仔,22.1616526555,6718.75
氹仔,22.1616526555,6598.43
氹仔,22.1570719814,5403.73
氹仔,22.1570719814,4904.18
氹仔,22.1570719814,5383.66
氹仔,22.1606789022,7941.75
氹仔,22.1569229331,7172.88
氹仔,22.1577377286,6382.98
氹仔,22.1582643621,4545.45
氹仔,22.1578370935,6533.71
氹仔,22.1588804215,5722.67
氹仔,22.1585028371,5152
氹仔,22.1586518837,7570.77
氹仔,22.1589797857,6541.71
氹仔,22.1602019593,7686.57
氹仔,22.1562472455,6797.39
氹仔,22.1562472455,7170.87
氹仔,22.157866903,7311.52
氹仔,22.1602019593,8068.58
氹仔,22.1562472455,6631.3
氹仔,22.1570719814,5500
氹仔,22.1621097211,5769.23
氹仔,22.1579993335,9037.52
氹仔,22.1595362238,4175.44
氹仔,22.1602019593,7341.77
氹仔,22.1611459072,6057.97
氹仔,22.1585028371,5120
氹仔,22.1582643621,4746.84
氹仔,22.1621097211,5876.96
氹仔,22.1602019593,7095.79
氹仔,22.1570719814,5058.14
氹仔,22.1584829642,6443.97
氹仔,22.1589201672,8064.52
氹仔,22.1589797857,6122.81
氹仔,22.1621097211,5985.97
氹仔,22.1582345527,7142.86
氹仔,22.1569527428,6001.22
氹仔,22.1577377286,6382.98
氹仔,22.1583438538,7116.56
氹仔,22.1570719814,4861.18
氹仔,22.1602019593,7092.2
氹仔,22.1602019593,7913.31
氹仔,22.1575688079,6571.19
氹仔,22.1589797857,7072.93
氹仔,22.1583438538,7107.84
氹仔,22.1585028371,6118.76
氹仔,22.1602019593,7095.79
氹仔,22.1616526555,6440.68
氹仔,22.1562472455,6406.31
氹仔,22.1589797857,6488.76
氹仔,22.1580556962,6706.83
氹仔,22.1580556962,6867.47
氹仔,22.1621892106,5015.67
氹仔,22.1583438538,6117.65
氹仔,22.1577377286,6122.78
氹仔,22.1570421718,7236.84
氹仔,22.1621892106,5031.58
氹仔,22.1621097211,5985.97
氹仔,22.1583438538,6969.33
氹仔,22.1570719814,5383.66
氹仔,22.1585028371,5920
氹仔,22.1577377286,6382.98
氹仔,22.1575688079,6571.19
氹仔,22.1576483,7016.68
氹仔,22.1524017263,9100
氹仔,22.1524017263,9300
氹仔,22.157866903,7357.86
氹仔,22.1621892106,4882.35
氹仔,22.1621892106,5093.95
氹仔,22.1572905853,7724.3
氹仔,22.1589797857,6720.43
氹仔,22.1582643621,5023.26
氹仔,22.1569527428,5537.6
氹仔,22.1569328697,8155.34
氹仔,22.1579993335,8785.94
氹仔,22.1561379428,6195.4
氹仔,22.1569527428,5089.66
氹仔,22.1578370935,5094.96
氹仔,22.1621892106,5198.33
氹仔,22.1602019593,7120
氹仔,22.1621892106,4645.67
氹仔,22.1607285836,6981.82
氹仔,22.1621892106,5480.17
氹仔,22.1578370935,5887.68
氹仔,22.1578370935,5688.41
氹仔,22.1570719814,6112.08
氹仔,22.157866903,7183.5
氹仔,22.1621892106,4926.32
氹仔,22.1569527428,5397.05
氹仔,22.1562472455,6380.21
氹仔,22.1524017263,8647
氹仔,22.1570719814,6112.08
氹仔,22.1575688079,8375.73
氹仔,22.1602019593,9210.53
氹仔,22.1582643621,6428.57
氹仔,22.1616526555,6992.19
氹仔,22.1654482421,6357.14
氹仔,22.1571514738,5401.84
氹仔,22.1602019593,7092.2
氹仔,22.1602019593,7459.68
氹仔,22.1602019593,7602.64
氹仔,22.157866903,7788.05
氹仔,22.1577377286,6585.61
氹仔,22.1585028371,7604.56
氹仔,22.1585028371,9363.64
氹仔,22.1582643621,4865.03
氹仔,22.1602019593,9206.59
氹仔,22.1582643621,5919
氹仔,22.1607285836,7337.42
氹仔,22.1621892106,5219.05
氹仔,22.1577377286,6565.35
氹仔,22.1580556962,7510.04
氹仔,22.1576483,7381.89
氹仔,22.1589797857,6140.35
氹仔,22.1569527428,4881.12
氹仔,22.1573402679,6728.68
氹仔,22.1582643621,5873.02
氹仔,22.1570719814,4371.05
氹仔,22.1606789022,6839.67
氹仔,22.1606789022,7375
氹仔,22.1616526555,6375.84
氹仔,22.1606789022,8303.39
氹仔,22.1583438538,6993.87
氹仔,22.163381548,5299.15
氹仔,22.1570719814,4904.18
氹仔,22.1570719814,5673.03
氹仔,22.1562472455,5613.41
氹仔,22.1602019593,7888.81
氹仔,22.1585028371,6004.62
氹仔,22.1647725955,7396.97
氹仔,22.1524017263,6000
氹仔,22.1524017263,7082.71
氹仔,22.1524017263,9798.27
氹仔,22.1524017263,8800.46
氹仔,22.1621892106,5281.02
氹仔,22.1589797857,6727.09
氹仔,22.1570719814,4798.08
氹仔,22.1585028371,4916.24
氹仔,22.1612055247,7346.44
氹仔,22.1585028371,6420.6
氹仔,22.1602019593,7312.15
氹仔,22.1616526555,6381.19
氹仔,22.1606789022,7197.57
氹仔,22.1584829642,6739.13
氹仔,22.1606789022,7350.6
氹仔,22.1595362238,4154.39
氹仔,22.1583438538,6993.87
氹仔,22.1576781095,7980.95
氹仔,22.1616526555,5932.2
氹仔,22.1602019593,7812.5
氹仔,22.1583438538,7337.42
氹仔,22.1616526555,5932.2
氹仔,22.1606789022,8038.83
氹仔,22.1588804215,7259.62
氹仔,22.1602019593,7572.08
氹仔,22.1616526555,6381.19
氹仔,22.1616526555,6677.97
氹仔,22.1584829642,6051.28
氹仔,22.1606789022,6598.41
氹仔,22.1584829642,7152.94
氹仔,22.1606789022,7495.15
氹仔,22.1583438538,5828.57
氹仔,22.1602019593,8085.6
氹仔,22.1585028371,7283.53
氹仔,22.1570719814,4951.36
氹仔,22.1621097211,5985.97
氹仔,22.1595362238,4207.02
氹仔,22.1602019593,7067.14
氹仔,22.1602019593,7493.67
氹仔,22.1578370935,5937.5
氹仔,22.1616526555,6598.43
氹仔,22.1524017263,7077.86
氹仔,22.1584829642,6666.67
氹仔,22.1539121236,7054.55
氹仔,22.1585823286,7003.06
氹仔,22.1616526555,6508.47
氹仔,22.1602019593,8888.89
氹仔,22.1611459072,6704.12
氹仔,22.1562472455,5685.22
氹仔,22.1569229331,6779.66
氹仔,22.1579165855,5533.33
氹仔,22.1586518837,6857.14
氹仔,22.1571812834,8866.74
氹仔,22.1571812834,8814.27
氹仔,22.1616526555,6974.58
氹仔,22.1616526555,6255.25
氹仔,22.1576483,7441.86
氹仔,22.1577377286,6464.03
氹仔,22.1606789022,6708.07
氹仔,22.157866903,7878.79
氹仔,22.1570421718,7610.85
氹仔,22.1570719814,5445.54
氹仔,22.1577377286,6058.16
氹仔,22.1582643621,6000
氹仔,22.1575688079,7912.52
氹仔,22.1575688079,6825.94
氹仔,22.1571812834,10096.28
氹仔,22.158304108,6872.73
氹仔,22.1611459072,5793.3
氹仔,22.1569229331,6644.07
氹仔,22.1606789022,6249.12
氹仔,22.1572905853,79950.8
氹仔,22.1589797857,6727.09
氹仔,22.1569229331,8443.58
氹仔,22.1569229331,7879.38
氹仔,22.1616526555,6355.93
氹仔,22.1602019593,10000
氹仔,22.1524017263,8000
氹仔,22.1524017263,7943.71
氹仔,22.1585028371,9088.7
氹仔,22.1570719814,5380.33
氹仔,22.1577377286,6365.11
氹仔,22.1585028371,7578.06
氹仔,22.1585823286,6334.31
氹仔,22.1602019593,7273.19
氹仔,22.1562472455,6797.39
氹仔,22.1583438538,7116.56
氹仔,22.1577377286,6362.72
氹仔,22.1602019593,8000
氹仔,22.1562472455,6797.39
氹仔,22.1621097211,5929.14
氹仔,22.1570719814,4854.09
氹仔,22.1583339174,7462.69
氹仔,22.1602019593,8059.7
氹仔,22.1602019593,8000
氹仔,22.157866903,7311.52
氹仔,22.1602019593,7602.74
氹仔,22.157866903,7254.62
氹仔,22.1570719814,4371.05
氹仔,22.1582643621,5000
氹仔,22.1580556962,6986.63
氹仔,22.1570719814,5321.78
氹仔,22.1524017263,7801.68
氹仔,22.1570421718,6871.25
氹仔,22.1602019593,8177.62
氹仔,22.1602019593,7300.15
氹仔,22.1583438538,6548.96
氹仔,22.1595362238,4207.02
氹仔,22.1580556962,6861.58
氹仔,22.1611459072,7132.08
氹仔,22.1588804215,6215.38
氹仔,22.1570421718,6947.96
氹仔,22.1569328697,7864.08
氹仔,22.1607285836,7423.31
氹仔,22.1555516813,6698.61
氹仔,22.1562472455,6163.19
氹仔,22.1571812834,8982.16
氹仔,22.1647725955,7143.55
氹仔,22.1571812834,9318.8
氹仔,22.157866903,7494.15
氹仔,22.163381548,6414.17
氹仔,22.1621097211,6637.74
氹仔,22.1585028371,6956.52
氹仔,22.1572905853,8799.31
氹仔,22.1562472455,6232.64
氹仔,22.1578370935,6187.5
氹仔,22.1593871781,7152.32
氹仔,22.1585823286,6893.94
氹仔,22.1577377286,6346.56
氹仔,22.1607285836,7258.98
氹仔,22.1573402679,6040.37
氹仔,22.1562472455,6579.86
氹仔,22.1571812834,8656.87
氹仔,22.1562472455,6797.39
氹仔,22.1575688079,8508.95
氹仔,22.1570421718,8002.81
氹仔,22.1524017263,8001.89
氹仔,22.1585823286,6812.03
氹仔,22.157866903,7357.86
氹仔,22.1602019593,8019.14
氹仔,22.1569229331,7782.1
氹仔,22.1616526555,5915.25
氹仔,22.1570719814,5403.73
氹仔,22.1569527428,6530.61
氹仔,22.1606789022,7228.92
氹仔,22.157866903,7357.86
氹仔,22.1582643621,4571.74
氹仔,22.1585028371,5906.78
氹仔,22.1582643621,5062.5
氹仔,22.1585028371,5778.95
氹仔,22.1602019593,8869.74
氹仔,22.1602019593,8523.59
氹仔,22.1606789022,7508.53
氹仔,22.1606789022,8640.55
氹仔,22.1589797857,6001.58
氹仔,22.1602019593,9041.1
氹仔,22.1575688079,8560
氹仔,22.1578370935,5476.92
氹仔,22.1578370935,5476.92
氹仔,22.1524017263,8000
氹仔,22.1570719814,5442.18
氹仔,22.1606789022,6333.57
氹仔,22.1602019593,8492.14
氹仔,22.1577377286,6464.03
氹仔,22.1585028371,6016.74
氹仔,22.1585028371,7642.55
氹仔,22.1616526555,6779.66
氹仔,22.1616526555,5762.71
氹仔,22.1570421718,7478.49
氹仔,22.1585028371,5766.82
氹仔,22.1602019593,7966.62
氹仔,22.1576781095,7695.24
氹仔,22.1606789022,6249.12
氹仔,22.1589797857,5964.91
氹仔,22.1579165855,5644.44
氹仔,22.1621892106,5058.2
氹仔,22.1576781095,7695.24
氹仔,22.1583438538,7107.84
氹仔,22.1570719814,5465.84
氹仔,22.1580556962,7047.39
氹仔,22.1573402679,6195.65
氹仔,22.1612055247,6982.02
氹仔,22.1570719814,5380.33
氹仔,22.1570719814,4798.08
氹仔,22.1583438538,7107.84
氹仔,22.1570719814,5140.74
氹仔,22.1583438538,7116.56
氹仔,22.1621892106,5098.04
氹仔,22.1621892106,4950.3
氹仔,22.1621097211,6153.85
氹仔,22.1572905853,8000
氹仔,22.1570421718,7279.95
氹仔,22.1577377286,6058.16
氹仔,22.1577377286,6362.72
氹仔,22.1572905853,7733.49
氹仔,22.1577377286,6300.48
氹仔,22.1569229331,7810.99
氹仔,22.1616526555,6677.97
氹仔,22.1616526555,6440.68
氹仔,22.1583339174,7462.69
氹仔,22.1569825524,7346.33
氹仔,22.157866903,7311.52
氹仔,22.1602019593,8219.18
氹仔,22.1602019593,7572.08
氹仔,22.1602019593,8212.84
氹仔,22.1602019593,8194.23
氹仔,22.1602019593,7004.56
氹仔,22.1602019593,8345.98
氹仔,22.1602019593,8041.7
氹仔,22.1602019593,8235.29
氹仔,22.1602019593,8500
氹仔,22.1602019593,7888.81
氹仔,22.1602019593,8523.59
氹仔,22.1602019593,8556.15
氹仔,22.1602019593,8380.95
氹仔,22.1602019593,7312.15
氹仔,22.1570719814,5383.66
氹仔,22.1606789022,7418.4
氹仔,22.1616526555,6440.68
氹仔,22.1583438538,6985.29
氹仔,22.1579165855,6549.84
氹仔,22.1573402679,6108.53
氹仔,22.1582643621,4746.84
氹仔,22.1602019593,7319.54
氹仔,22.1602019593,6959.15
氹仔,22.1595362238,5926.58
氹仔,22.1606789022,10116
氹仔,22.1573402679,7818.18
氹仔,22.1573402679,5700
氹仔,22.1524017263,6852.55
氹仔,22.1524017263,7540.06
氹仔,22.1579993335,8634.87
氹仔,22.1524017263,8015.77
氹仔,22.1569328697,8242.72
氹仔,22.1602019593,7057.04
氹仔,22.1585028371,5585.11
氹仔,22.1589797857,6727.09
氹仔,22.1589797857,6541.71
氹仔,22.1562472455,7170.87
氹仔,22.1585028371,7302.13
氹仔,22.1583438538,6993.87
氹仔,22.1562472455,7170.87
氹仔,22.1621892106,5083.33
氹仔,22.1616526555,6440.68
氹仔,22.1562472455,6797.39
氹仔,22.1594666691,6650
氹仔,22.157866903,7878.79
氹仔,22.1603609404,6747.28
氹仔,22.1585823286,6855.12
氹仔,22.157866903,8161.62
氹仔,22.1602019593,8171.43
氹仔,22.1562472455,6227.23
氹仔,22.1602019593,7671.64
氹仔,22.1583438538,6993.87
氹仔,22.1572905853,6498.92
氹仔,22.157866903,7025.76
氹仔,22.1573402679,6108.53
氹仔,22.1569527428,5446.24
氹仔,22.1594666691,7595.24
氹仔,22.1569328697,7184.47
氹仔,22.1524017263,6001.89
氹仔,22.157866903,7615.7
氹仔,22.157866903,7025.76
氹仔,22.157866903,7112.38
氹仔,22.1616526555,6677.97
氹仔,22.1579993335,7565.79
氹仔,22.1576483,7046.12
氹仔,22.1576483,7669
氹仔,22.1576483,7352.94
氹仔,22.157866903,7357.86
氹仔,22.1578370935,5887.68
氹仔,22.1578370935,5104.71
氹仔,22.1586518837,7288.63
氹仔,22.158304108,7458.33
氹仔,22.1578370935,5782.11
氹仔,22.1577377286,6284.33
氹仔,22.1562472455,6406.25
氹仔,22.1606789022,6708.07
氹仔,22.1606789022,7303.06
氹仔,22.1606789022,6845.43
氹仔,22.1606789022,9156.33
氹仔,22.1606789022,7357.65
氹仔,22.1606789022,6921.82
氹仔,22.1589797857,6633.57
氹仔,22.1589797857,6727.09
氹仔,22.1589797857,6847.94
氹仔,22.1562472455,7563.03
氹仔,22.1577377286,6462.04
氹仔,22.1621892106,5832.45
氹仔,22.1585823286,6513.32
氹仔,22.1583438538,7116.56
氹仔,22.1562472455,7236.23
氹仔,22.1606789022,7941.75
氹仔,22.1562472455,6840.28
氹仔,22.1562472455,6770.83
氹仔,22.1608577553,7951.81
氹仔,22.1616526555,6440.68
氹仔,22.1524017263,7600
氹仔,22.157866903,7669.79
氹仔,22.1583438538,7116.56
氹仔,22.1524017263,8870.69
氹仔,22.1607285836,7258.98
氹仔,22.1585028371,5120
氹仔,22.1569328697,8252.43
氹仔,22.1583438538,6993.87
氹仔,22.1575688079,8392.16
氹仔,22.1583438538,7104.29
氹仔,22.1602019593,7229.61
氹仔,22.1577377286,6219.71
氹仔,22.1562472455,5733.09
氹仔,22.1569229331,8238.1
氹仔,22.1602019593,7200
氹仔,22.1602019593,7858.46
氹仔,22.1524017263,7500
氹仔,22.1569527428,6519.45
氹仔,22.1562472455,6797.39
氹仔,22.1575688079,5266.67
氹仔,22.1647725955,9404.72
氹仔,22.1654482421,6357.14
氹仔,22.1524017263,9972.8
氹仔,22.1621097211,6017.42
氹仔,22.1583438538,7116.56
氹仔,22.1585028371,6080.76
氹仔,22.1597150784,50684.93
氹仔,22.1524017263,8800
氹仔,22.1570719814,5383.66
氹仔,22.1654383062,6000.76
氹仔,22.1582643621,5620.25
氹仔,22.1583438538,6144
氹仔,22.1611459072,7560
氹仔,22.1589797857,6646.53
氹仔,22.1585028371,8748.48
氹仔,22.1585028371,8638.92
氹仔,22.1603609404,6031.98
氹仔,22.1570719814,4335.26
氹仔,22.1569527428,6729.76
氹仔,22.1577377286,6362.72
氹仔,22.1602019593,7312.15
氹仔,22.1573402679,6118.01
氹仔,22.1577377286,6362.72
氹仔,22.1621097211,6377.44
氹仔,22.157866903,7311.52
氹仔,22.157866903,7615.7
氹仔,22.1562472455,5565.53
氹仔,22.157866903,7025.76
氹仔,22.1578370935,5404.75
氹仔,22.1577377286,6362.72
氹仔,22.1570719814,5445.54
氹仔,22.1621097211,5929.14
氹仔,22.157866903,7453.77
氹仔,22.1616526555,6440.68
氹仔,22.1577377286,6300.48
氹仔,22.1565155336,5644.44
氹仔,22.1562472455,6890.76
氹仔,22.1606789022,7901.7
氹仔,22.1594666691,6581.13
氹仔,22.1573402679,6506.21
氹仔,22.1579993335,7698.55
氹仔,22.163381548,5250.31
氹仔,22.1597150784,6300
氹仔,22.1602019593,7001.01
氹仔,22.1536040834,8216.74
氹仔,22.1569229331,7172.88
氹仔,22.1579993335,8785.94
氹仔,22.1579993335,7500
氹仔,22.1577377286,6362.72
氹仔,22.1585823286,6033.25
氹仔,22.1603609404,7110.04
氹仔,22.1621097211,6141.86
氹仔,22.1569825524,6779.94
氹仔,22.1524017263,8213.61
氹仔,22.1583438538,6976.74
氹仔,22.1621892106,5490.2
氹仔,22.1606789022,6657.86
氹仔,22.1570719814,4904.18
氹仔,22.1535543994,5015.67
氹仔,22.1570719814,5465.84
氹仔,22.1602019593,8812.55
氹仔,22.1570719814,4819.28
氹仔,22.1577377286,6362.72
氹仔,22.1570719814,5403.73
氹仔,22.1572905853,7653
氹仔,22.1606789022,6249.12
氹仔,22.1621097211,5890.05
氹仔,22.1594666691,6622.52
氹仔,22.1585028371,8748.48
氹仔,22.1583438538,7099.14
氹仔,22.1579993335,7565.79
氹仔,22.1585823286,6067.96
氹仔,22.1569328697,7184.47
氹仔,22.1570421718,7085.56
氹仔,22.1603609404,6036.36
氹仔,22.1562472455,5146.62
氹仔,22.1612055247,6969.33
氹仔,22.1573402679,6108.53
氹仔,22.1594666691,6622.52
氹仔,22.1603609404,6031.98
氹仔,22.1570719814,4854.09
氹仔,22.1562472455,6797.39
氹仔,22.1570719814,4904.18
氹仔,22.1603609404,6031.98
氹仔,22.1602019593,7888.81
氹仔,22.1577377286,6362.72
氹仔,22.1524017263,6000
氹仔,22.1607285836,6285.71
氹仔,22.1602019593,9041.1
氹仔,22.1647725955,9551.02
氹仔,22.1612055247,7730.06
氹仔,22.1602019593,7095.79
氹仔,22.1570719814,5086.65
氹仔,22.1570719814,5370.37
氹仔,22.1654383062,6000.77
氹仔,22.1578370935,5688.41
氹仔,22.1570719814,4371.05
氹仔,22.1616526555,6338.98
氹仔,22.1524017263,8297.52
氹仔,22.1621892106,5028.57
氹仔,22.1612055247,6933.33
氹仔,22.1584829642,6443.97
氹仔,22.1602019593,8476.19
氹仔,22.1583438538,7099.14
氹仔,22.1607285836,7582.82
氹仔,22.1569825524,7871.06
氹仔,22.1569825524,8238.1
氹仔,22.1569229331,6644.07
氹仔,22.1555516813,6292.35
氹仔,22.1555516813,7744.43
氹仔,22.1602019593,8065.72
氹仔,22.1585028371,5840.43
氹仔,22.1585028371,8598.35
氹仔,22.1585028371,7763.71
氹仔,22.1585028371,7257.38
氹仔,22.1585028371,7071.73
氹仔,22.157866903,8161.62
氹仔,22.1583438538,7116.56
氹仔,22.1607285836,6285.71
氹仔,22.1606789022,7765.45
氹仔,22.1621097211,6141.86
氹仔,22.1578370935,5887.68
氹仔,22.1602019593,6582.28
氹仔,22.1570719814,5339.51
氹仔,22.1585028371,6000
氹仔,22.1595362238,3493.45
氹仔,22.1616526555,6703.13
氹仔,22.1577377286,6585.61
氹仔,22.1524017263,8000
氹仔,22.1621892106,5760.87
氹仔,22.1585028371,8339.22
氹仔,22.1570719814,5437.5
氹仔,22.1576483,7046.12
氹仔,22.1606789022,7641.79
氹仔,22.1621097211,6713.19
氹仔,22.1602019593,7004.56
氹仔,22.1562472455,6635.51
氹仔,22.1621097211,5890.05
氹仔,22.1577377286,6445.88
氹仔,22.1602019593,6842.37
氹仔,22.1575688079,7065.22
氹仔,22.1573402679,6506.21
氹仔,22.1570719814,6112.08
氹仔,22.1595362238,5544.55
氹仔,22.1602019593,7572.08
氹仔,22.1565155336,5680
氹仔,22.1589797857,6122.81
氹仔,22.1621892106,5434.34
氹仔,22.1583438538,7099.14
氹仔,22.1578370935,5108.06
氹仔,22.1585028371,6382.98
氹仔,22.1585823286,6033.25
氹仔,22.1595362238,3493.45
氹仔,22.1607285836,6952.38
氹仔,22.1580556962,6963.86
氹仔,22.1589797857,6696.88
氹仔,22.1572905853,7500
氹仔,22.1583438538,6926.83
氹仔,22.1570719814,5026.8
氹仔,22.1602019593,6586.83
氹仔,22.1602019593,6586.83
氹仔,22.1602019593,7610.29
氹仔,22.1570719814,4904.18
氹仔,22.1570719814,4904.18
氹仔,22.1621892106,5568.63
氹仔,22.1565155336,5251.88
氹仔,22.1576781095,7333.33
氹仔,22.1570719814,5371.29
氹仔,22.1573402679,6118.01
氹仔,22.1589797857,6460.67
氹仔,22.1597150784,5136.99
氹仔,22.1580556962,6867.47
氹仔,22.1582643621,5977.78
氹仔,22.1616526555,6610.17
氹仔,22.1616526555,6598.43
氹仔,22.1570421718,7651.2
氹仔,22.1589797857,6535.58
氹仔,22.1570719814,5371.29
氹仔,22.1577377286,6255.06
氹仔,22.1621892106,4780
氹仔,22.1583438538,6926.83
氹仔,22.1621097211,5985.97
氹仔,22.1570719814,5212.12
氹仔,22.1569229331,8346.3
氹仔,22.1569527428,5480.71
氹仔,22.1583339174,7211.7
氹仔,22.1582643621,4604.4
氹仔,22.1582643621,5857.14
氹仔,22.1580556962,6705.88
氹仔,22.1595362238,4140.35
氹仔,22.1647725955,7044.73
氹仔,22.1582643621,4571.74
氹仔,22.1524017263,7800
氹仔,22.1621097211,5962.59
氹仔,22.1569527428,6729.76
氹仔,22.1570719814,4911.42
氹仔,22.1573402679,6108.53
氹仔,22.1602019593,7598.78
氹仔,22.1573402679,5807.45
氹仔,22.1536040834,6827.79
氹仔,22.1603609404,6031.98
氹仔,22.1570719814,5061.43
氹仔,22.1583438538,5866.67
氹仔,22.1572905853,7724.3
氹仔,22.1577377286,6382.98
氹仔,22.1569825524,7883.35
氹仔,22.1588804215,6296.3
氹仔,22.1589201672,8070.62
氹仔,22.163381548,7195.12
氹仔,22.1582345527,5714.29
氹仔,22.1570719814,5380.33
氹仔,22.1571812834,10201.75
氹仔,22.1524017263,7700.21
氹仔,22.1584829642,6443.97
氹仔,22.1606789022,7793.92
氹仔,22.1570719814,5380.33
氹仔,22.1577377286,6565.35
氹仔,22.1621097211,5985.97
氹仔,22.1606789022,7090.91
氹仔,22.1562472455,5804.91
氹仔,22.1570719814,5849.44
氹仔,22.1570719814,5321.78
氹仔,22.1606789022,6904.06
氹仔,22.1585028371,7257.38
氹仔,22.1585028371,7594.94
氹仔,22.1621097211,6299.64
氹仔,22.1584829642,7035.29
氹仔,22.1562472455,7236.23
氹仔,22.1570421718,8661.85
氹仔,22.1580556962,7144.59
氹仔,22.1570719814,5687.97
氹仔,22.1524017263,13800
氹仔,22.1621097211,6141.86
氹仔,22.1602019593,7572.08
氹仔,22.1602019593,8788.16
氹仔,22.1602019593,8742.86
氹仔,22.157866903,7311.52
氹仔,22.1562472455,5685.22
氹仔,22.1569527428,5340.83
氹仔,22.1594666691,6456.95
氹仔,22.1582643621,5195.44
氹仔,22.1577377286,6464.03
氹仔,22.1616526555,7355.93
氹仔,22.1602019593,7000
氹仔,22.157866903,7112.38
氹仔,22.1562472455,6770.83
氹仔,22.1616526555,6762.71
氹仔,22.1602019593,8219.18
氹仔,22.1575688079,7436.4
氹仔,22.1570421718,7018.72
氹仔,22.1602019593,7447.76
氹仔,22.1579993335,7441.15
氹仔,22.1577377286,6666.67
氹仔,22.1602019593,8559.86
氹仔,22.1606789022,8516.3
氹仔,22.1583438538,5866.67
氹仔,22.1607285836,7484.66
氹仔,22.1571812834,7997.28
氹仔,22.1584829642,6443.97
氹仔,22.1602019593,7799.7
氹仔,22.157866903,7878.79
氹仔,22.1569825524,7539.68
氹仔,22.1606789022,6705.05
氹仔,22.1583339174,7057.06
氹仔,22.1569229331,7502.41
氹仔,22.157866903,7357.86
氹仔,22.1582643621,4978.22
氹仔,22.1602019593,7459.68
氹仔,22.1570719814,5940
氹仔,22.1570719814,5222.09
氹仔,22.1621097211,6440.07
氹仔,22.1577377286,6381.26
氹仔,22.1577377286,6122.78
氹仔,22.1585823286,6666.67
氹仔,22.1559988301,5277.11
氹仔,22.1572905853,8000
氹仔,22.1572905853,7609.76
氹仔,22.1572905853,7500
氹仔,22.1572905853,7724.3
氹仔,22.1572905853,8197.12
氹仔,22.1579993335,8199.5
氹仔,22.1571812834,9496.33
氹仔,22.1571812834,9501.57
氹仔,22.1621892106,5198.33
氹仔,22.1589797857,6535.58
氹仔,22.1589797857,6523.44
氹仔,22.1577377286,6382.98
氹仔,22.1577377286,6445.88
氹仔,22.1570421718,8676.47
氹仔,22.1569229331,8054.47
氹仔,22.1562472455,7236.23
氹仔,22.1595362238,4463.29
氹仔,22.161672528,6789.12
氹仔,22.1606789022,6249.12
氹仔,22.1606789022,6249.12
氹仔,22.1606789022,7779.89
氹仔,22.1606789022,6781.83
氹仔,22.1606789022,7850.96
氹仔,22.1606789022,8316.7
氹仔,22.1606789022,8516.3
氹仔,22.1606789022,6333.57
氹仔,22.1606789022,7941.75
氹仔,22.1606789022,9181.64
氹仔,22.1524017263,6000
氹仔,22.1524017263,6900
氹仔,22.1524017263,6800
氹仔,22.1524017263,7578.01
氹仔,22.1524017263,6800
氹仔,22.1602019593,9078.95
氹仔,22.1602019593,8041.7
氹仔,22.1585028371,7100
氹仔,22.1647725955,6851.21
氹仔,22.1583438538,6985.29
氹仔,22.1606789022,6557.38
氹仔,22.1577377286,6565.35
氹仔,22.1570719814,4854.09
氹仔,22.1582643621,5997.77
氹仔,22.1577377286,6362.72
氹仔,22.1585823286,6033.25
氹仔,22.1570719814,4815.18
氹仔,22.1621097211,5985.97
氹仔,22.1620799125,8456.1
氹仔,22.1585823286,6033.25
氹仔,22.1576483,7453.27
氹仔,22.1562472455,6840.28
氹仔,22.1606789022,6474.82
氹仔,22.1602019593,6842.37
氹仔,22.1602019593,6711.95
氹仔,22.1577377286,6869.3
氹仔,22.157866903,7357.86
氹仔,22.1616526555,7016.95
氹仔,22.1589201672,7478.52
氹仔,22.157866903,7878.79
氹仔,22.157866903,8260.87
氹仔,22.1569825524,8072.17
氹仔,22.1577377286,5088.85
氹仔,22.1585028371,7302.13
氹仔,22.1582643621,6000
氹仔,22.1571812834,9500
氹仔,22.1588804215,7259.62
氹仔,22.1602019593,7463.44
氹仔,22.1654482421,6440.68
氹仔,22.1611459072,6521.74
氹仔,22.1570719814,5086.65
氹仔,22.1569229331,6969.49
氹仔,22.1570719814,5383.66
氹仔,22.1569527428,6519.45
氹仔,22.1524017263,7500
氹仔,22.1589797857,6765.8
氹仔,22.1578370935,4869.14
氹仔,22.1603609404,6602.41
氹仔,22.1616526555,6355.93
氹仔,22.1575688079,5253.33
氹仔,22.1583438538,6993.87
氹仔,22.1602019593,7111.47
氹仔,22.1583438538,6117.65
氹仔,22.1589797857,6727.09
氹仔,22.1536040834,8823.53
氹仔,22.1589797857,6535.58
氹仔,22.1588804215,6615.38
氹仔,22.1570421718,7785.38
氹仔,22.1589201672,7944.51
氹仔,22.1572905853,7982.78
氹仔,22.1572905853,6498.92
氹仔,22.1579993335,9680.13
氹仔,22.1583438538,7337.42
氹仔,22.158304108,8844.44
氹仔,22.1602019593,8888.89
氹仔,22.1582643621,6000
氹仔,22.1583438538,6993.87
氹仔,22.1602019593,8345.98
氹仔,22.1583438538,6993.87
氹仔,22.1621097211,5985.97
氹仔,22.1562472455,5685.22
氹仔,22.1602019593,7373.46
氹仔,22.1641168177,5368.2
氹仔,22.161672528,5833.33
氹仔,22.1571812834,9000
氹仔,22.1569527428,4973.05
氹仔,22.1572905853,6977.99
氹仔,22.1524017263,7300
氹仔,22.1579993335,7565.79
氹仔,22.1570719814,6112.08
氹仔,22.163381548,5593.75
氹仔,22.1577377286,6362.72
氹仔,22.1576781095,7695.24
氹仔,22.157866903,7615.7
氹仔,22.1570421718,6912.75
氹仔,22.1602019593,8345.98
氹仔,22.1602019593,7111.47
氹仔,22.1569229331,7502.41
氹仔,22.1570421718,7279.95
氹仔,22.1616526555,6677.97
氹仔,22.1570719814,5650
氹仔,22.1570719814,6090.49
氹仔,22.1570719814,6069.57
氹仔,22.1570719814,4911.42
氹仔,22.1524017263,7330.64
氹仔,22.1621892106,4989.56
氹仔,22.1585028371,8409.64
氹仔,22.1602019593,8888.89
氹仔,22.1585823286,6033.25
氹仔,22.1620799125,8153.38
氹仔,22.1580556962,6705.88
氹仔,22.1570421718,7279.95
氹仔,22.157866903,7311.52
氹仔,22.1562472455,5565.53
氹仔,22.1575688079,5253.33
氹仔,22.1570719814,4815.18
氹仔,22.1575688079,8219.18
氹仔,22.1582643621,5714.29
氹仔,22.1575688079,7281.55
氹仔,22.1562472455,6744.19
氹仔,22.1579993335,7565.79
氹仔,22.1582643621,6000
氹仔,22.1562472455,6406.25
氹仔,22.1561379428,5853.08
氹仔,22.1570719814,4371.05
氹仔,22.1582643621,5866.67
氹仔,22.1607285836,7358.72
氹仔,22.1562472455,6336.81
氹仔,22.157866903,8060.61
氹仔,22.1621892106,4989.56
氹仔,22.1570719814,6112.08
氹仔,22.1616526555,6440.68
氹仔,22.163381548,5500
氹仔,22.1607285836,6149.48
氹仔,22.1570719814,6112.08
氹仔,22.1577377286,6203.55
氹仔,22.1577377286,6365.11
氹仔,22.1569229331,7957.2
氹仔,22.1621892106,5500.98
氹仔,22.1562472455,6797.39
氹仔,22.1621892106,4870.78
氹仔,22.1606789022,6198.76
氹仔,22.1562472455,6797.39
氹仔,22.1588804215,7800
氹仔,22.1569229331,7810.99
氹仔,22.1589797857,6727.09
氹仔,22.1575688079,6598.98
氹仔,22.1602019593,9539.47
氹仔,22.1571812834,8982.16
氹仔,22.1606789022,7555.21
氹仔,22.1602019593,7572.08
氹仔,22.1583438538,5960.78
氹仔,22.1589797857,6541.71
氹仔,22.1573402679,6496.12
氹仔,22.1585028371,7552.74
氹仔,22.1577377286,6042
氹仔,22.1583438538,5960.78
氹仔,22.1569825524,7496.25
氹仔,22.1612055247,7171.24
氹仔,22.1575688079,7393.94
氹仔,22.1562472455,6336.81
氹仔,22.1580556962,6963.86
氹仔,22.1607285836,7337.42
氹仔,22.1589797857,5929.37
氹仔,22.1602019593,8612.44
氹仔,22.1579993335,7565.79
氹仔,22.1572905853,8503.25
氹仔,22.1524017263,6795.84
氹仔,22.1524017263,8120.1
氹仔,22.1524017263,7304.93
氹仔,22.1562472455,6319.44
氹仔,22.1583438538,6038.46
氹仔,22.1524017263,6634.34
氹仔,22.1562472455,6927.08
氹仔,22.1578370935,6050.72
氹仔,22.1588804215,6578.95
氹仔,22.1575688079,5800
氹仔,22.1606789022,6909.79
氹仔,22.1570719814,5222.09
氹仔,22.1606789022,6249.12
氹仔,22.1562472455,6797.39
氹仔,22.1606789022,7925.67
氹仔,22.1647725955,6974.29
氹仔,22.1585823286,6713.78
氹仔,22.1575688079,7378.64
氹仔,22.1572905853,7724.3
氹仔,22.1575688079,7173.91
氹仔,22.1602019593,8345.98
氹仔,22.1571812834,8800
氹仔,22.1582643621,4810.13
氹仔,22.1606789022,6708.07
氹仔,22.1570719814,5493.39
氹仔,22.1585028371,8362.17
氹仔,22.1621892106,4650
氹仔,22.1562472455,6797.39
氹仔,22.1570719814,4854.09
氹仔,22.1654383062,6000.77
氹仔,22.1585823286,7046.15
氹仔,22.1606789022,7715.13
氹仔,22.1606789022,9528.54
氹仔,22.1606789022,9305.21
氹仔,22.1589797857,6507.49
氹仔,22.1570719814,4892.16
氹仔,22.1570719814,4839.49
氹仔,22.1585028371,6647.34
氹仔,22.1536040834,6950
氹仔,22.1575688079,6137.93
氹仔,22.1584829642,5978.26
氹仔,22.1621892106,4575.76
氹仔,22.1616526555,6047.24
氹仔,22.158304108,7800
氹仔,22.1580556962,6963.86
氹仔,22.1606789022,6923.08
氹仔,22.157866903,7311.52
氹仔,22.1577377286,6317.54
氹仔,22.1572905853,8487.08
氹仔,22.1616526555,6186.44
氹仔,22.1524017263,8290.69
氹仔,22.1571812834,8600
氹仔,22.1571812834,8600
氹仔,22.1524017263,8177.57
氹仔,22.1585823286,6687.02
氹仔,22.1579993335,7777.06
氹仔,22.1579993335,7998.75
氹仔,22.1579993335,10101.01
氹仔,22.1562472455,5804.91
氹仔,22.1573402679,6496.12
氹仔,22.1583438538,7116.56
氹仔,22.1570719814,4854.09
氹仔,22.1562472455,5685.22
氹仔,22.1606789022,8139.3
氹仔,22.157866903,7809.39
氹仔,22.1589797857,6727.09
氹仔,22.163381548,7375
氹仔,22.1524017263,7801.68
氹仔,22.157866903,7357.86
氹仔,22.1576483,6672.17
氹仔,22.157866903,7311.52
氹仔,22.1575688079,7436.4
氹仔,22.1578370935,5104.71
氹仔,22.1562472455,6406.25
氹仔,22.1576483,6078.13
氹仔,22.1602019593,7105.79
氹仔,22.1572905853,7733.49
氹仔,22.1570719814,5120.48
氹仔,22.1579993335,8412.18
氹仔,22.1602019593,7459.68
氹仔,22.1616526555,6254.24
氹仔,22.1576483,6566.67
氹仔,22.1577377286,5638.13
氹仔,22.1575688079,7632.09
氹仔,22.1602019593,8649.62
氹仔,22.1603609404,6686.05
氹仔,22.1606789022,8516.3
氹仔,22.1621892106,4714.98
氹仔,22.1575688079,8806.26
氹仔,22.1580556962,7047.39
氹仔,22.1588804215,6615.38
氹仔,22.1569825524,8090.31
氹仔,22.1575688079,8392.16
氹仔,22.1571812834,9594.88
氹仔,22.1569328697,8155.34
氹仔,22.1585028371,5840.43
氹仔,22.1575688079,7436.4
氹仔,22.1606789022,7887.75
氹仔,22.1562472455,6610.64
氹仔,22.1578370935,5797.1
氹仔,22.1606789022,7887.75
氹仔,22.1569527428,5446.24
氹仔,22.1582643621,6020.07
氹仔,22.1616526555,6440.68
氹仔,22.1589797857,6596.17
氹仔,22.1573402679,6506.21
氹仔,22.1621097211,6903.17
氹仔,22.1602019593,8751.9
氹仔,22.1616526555,6355.93
氹仔,22.1616526555,6974.58
氹仔,22.1583438538,5866.67
氹仔,22.1577377286,6058.16
氹仔,22.1602019593,6800
氹仔,22.1585028371,8677.97
氹仔,22.1652296509,4944.08
氹仔,22.1569328697,8495.15
氹仔,22.1577377286,5492.73
氹仔,22.1562472455,5733.09
氹仔,22.1562472455,6201.21
氹仔,22.1585028371,8220.5
氹仔,22.1576483,7435.9
氹仔,22.1576781095,7695.24
氹仔,22.1572905853,6913.58
氹仔,22.1577377286,5957.45
氹仔,22.1621097211,6903.17
氹仔,22.1606789022,6249.12
氹仔,22.1606789022,7600.28
氹仔,22.1606789022,6708.63
氹仔,22.1606789022,6770.19
氹仔,22.1606789022,7318.7
氹仔,22.1606789022,8773.29
氹仔,22.1606789022,7866.67
氹仔,22.1606789022,7984.03
氹仔,22.1606789022,8316.7
氹仔,22.1577377286,6413.37
氹仔,22.1621097211,5962.59
氹仔,22.1621892106,5000
氹仔,22.1582643621,5866.67
氹仔,22.1572905853,8500
氹仔,22.1571812834,10000
氹仔,22.1577377286,6869.3
氹仔,22.1616526555,6546.88
氹仔,22.1589797857,7177.57
氹仔,22.1570421718,7279.95
氹仔,22.1524017263,10542.48
氹仔,22.1585028371,5720
氹仔,22.1585028371,5600
氹仔,22.1524017263,9314.23
氹仔,22.1524017263,7806
氹仔,22.1585028371,6212.77
氹仔,22.1524017263,7394.84
氹仔,22.1585028371,5400
氹仔,22.1585028371,6666.67
氹仔,22.1606789022,6249.12
氹仔,22.1562472455,6232.64
氹仔,22.1602019593,9117.2
氹仔,22.1585028371,5152
氹仔,22.1571812834,9795.38
氹仔,22.1602019593,8212.84
氹仔,22.1608577553,7505.88
氹仔,22.1621892106,4980
氹仔,22.1575688079,7952.29
氹仔,22.1621892106,4554.66
氹仔,22.1571812834,12000
氹仔,22.1602019593,7191.37
氹仔,22.1606789022,9739.45
氹仔,22.1606789022,7350.6
氹仔,22.1577377286,6764.09
氹仔,22.1585028371,8598.35
氹仔,22.1606789022,7037.3
氹仔,22.1579993335,7441.15
氹仔,22.1585028371,6932.08
氹仔,22.1607285836,6285.71
氹仔,22.1602019593,6614.29
氹仔,22.1579993335,6875.93
氹仔,22.1578370935,5887.68
氹仔,22.1571812834,10000
氹仔,22.1602019593,7966.62
氹仔,22.1602019593,7799.7
氹仔,22.1569328697,7864.08
氹仔,22.163381548,5700.64
氹仔,22.1602019593,8146.49
氹仔,22.1606789022,7508.53
氹仔,22.1611459072,6123.08
氹仔,22.1606789022,7600.28
氹仔,22.1577377286,6122.78
氹仔,22.1577377286,6666.67
氹仔,22.1606789022,6333.57
氹仔,22.1570719814,4868.29
氹仔,22.1578370935,6254.55
氹仔,22.1570719814,5383.66
氹仔,22.1576781095,7695.24
氹仔,22.1583438538,6993.87
氹仔,22.1585028371,8912.04
氹仔,22.1621097211,5539.68
氹仔,22.1616526555,5923.73
氹仔,22.1570719814,5376.34
氹仔,22.1606789022,7916.67
氹仔,22.1572905853,7994.81
氹仔,22.1602019593,6711.95
氹仔,22.1602019593,8295.96
氹仔,22.1616526555,6254.24
氹仔,22.1579993335,8337.13
氹仔,22.1585028371,8373.79
氹仔,22.1570719814,4371.05
氹仔,22.1584829642,7829.67
氹仔,22.1585028371,8574.79
氹仔,22.1580556962,7000
氹仔,22.1562472455,6770.83
氹仔,22.1583438538,6993.87
氹仔,22.1539121236,6666.67
氹仔,22.1584829642,6767.24
氹仔,22.1569527428,5611.81
氹仔,22.1611459072,6307.69
氹仔,22.1561379428,5694.12
氹仔,22.1524017263,8290.69
氹仔,22.1562472455,6666.67
氹仔,22.1562472455,6535.95
氹仔,22.1524017263,7300
氹仔,22.1621097211,5915.25
氹仔,22.1585028371,8436.45
氹仔,22.1570421718,8328.71
氹仔,22.1572905853,6498.92
氹仔,22.1572905853,6949.57
氹仔,22.1577377286,6484.3
氹仔,22.1577377286,6382.98
氹仔,22.1602019593,7812.5
氹仔,22.1569229331,7172.88
氹仔,22.1588804215,5487.89
氹仔,22.1578370935,5887.68
氹仔,22.1575688079,7436.4
氹仔,22.1579993335,10101.01
氹仔,22.1589201672,8070.62
氹仔,22.1524017263,7600
氹仔,22.1524017263,8200
氹仔,22.1524017263,6126.3
氹仔,22.1562472455,6770.83
氹仔,22.1602019593,6842.37
氹仔,22.1602019593,8171.43
氹仔,22.1580556962,7510.04
氹仔,22.1562472455,6816.06
氹仔,22.1621892106,5157.36
氹仔,22.157866903,7173.91
氹仔,22.157866903,7545.4
氹仔,22.1578370935,5709.09
氹仔,22.1621097211,5970.38
氹仔,22.1621892106,5031.58
氹仔,22.1569527428,5397.05
氹仔,22.158304108,7250
氹仔,22.1576781095,7254.55
氹仔,22.1582643621,6000
氹仔,22.1611459072,6603.77
氹仔,22.157866903,7357.86
氹仔,22.1562472455,6406.25
氹仔,22.1562472455,6406.25
氹仔,22.1621097211,6713.19
氹仔,22.1589797857,6680
氹仔,22.157866903,7959.6
氹仔,22.1562472455,5613.41
氹仔,22.1576483,6583.33
氹仔,22.1578370935,6254.55
氹仔,22.157866903,8463.73
氹仔,22.1602019593,7504.99
氹仔,22.1602019593,8208.96
氹仔,22.1585028371,7812.5
氹仔,22.1579993335,7441.15
氹仔,22.1606789022,7600.28
氹仔,22.1606789022,7305.26
氹仔,22.1524017263,10000
氹仔,22.1524017263,8800.46
氹仔,22.1583438538,6875
氹仔,22.1602019593,9065.79
氹仔,22.1602019593,8650
氹仔,22.1585028371,6266.98
氹仔,22.1612055247,7177.91
氹仔,22.1621892106,5368.42
氹仔,22.1616526555,6254.24
氹仔,22.1616526555,5915.25
氹仔,22.1616526555,6016.95
氹仔,22.1616526555,6016.95
氹仔,22.1602019593,7611.94
氹仔,22.1621892106,4680
氹仔,22.1595362238,4122.81
氹仔,22.1616526555,6566.67
氹仔,22.1585028371,7913.67
氹仔,22.1562472455,6666.67
氹仔,22.1621892106,4761.9
氹仔,22.1585823286,7915.19
氹仔,22.158304108,8385.54
氹仔,22.1577377286,6386.39
氹仔,22.1606789022,8135.92
氹仔,22.1606789022,7553.4
氹仔,22.1606789022,7329.19
氹仔,22.1606789022,9528.54
氹仔,22.1583438538,7552.8
氹仔,22.1583339174,6975.14
氹仔,22.1569229331,7810.99
氹仔,22.1616526555,5915.25
氹仔,22.1569527428,5537.6
氹仔,22.1621892106,5031.58
氹仔,22.1576483,6550.58
氹仔,22.1562472455,5565.53
氹仔,22.1616526555,6677.97
氹仔,22.1569229331,8151.75
氹仔,22.1570421718,7946.55
氹仔,22.1570421718,7610.85
氹仔,22.1588804215,6701.49
氹仔,22.1606789022,7475.73
氹仔,22.1602019593,6600
氹仔,22.1602019593,6600
氹仔,22.1602019593,7812.5
氹仔,22.1621892106,4952.88
氹仔,22.1583438538,6686.75
氹仔,22.1589797857,5701.75
氹仔,22.1595362238,3493.45
氹仔,22.1562472455,5987.8
氹仔,22.1606789022,6660.32
氹仔,22.1602019593,8418.13
氹仔,22.1585028371,10068.03
氹仔,22.161672528,5550
氹仔,22.1579993335,8018.09
氹仔,22.1579993335,7777.06
氹仔,22.1603609404,6747.28
氹仔,22.1570719814,5403.73
氹仔,22.1621892106,5490.2
氹仔,22.1576781095,6808.8
氹仔,22.1536040834,7983.54
氹仔,22.1583339174,7218.05
氹仔,22.1570719814,4939.76
氹仔,22.1606789022,6474.82
氹仔,22.1584829642,6443.97
氹仔,22.1606789022,7941.75
氹仔,22.1570421718,7610.85
氹仔,22.1586518837,7570.77
氹仔,22.1580556962,7168.67
氹仔,22.1585028371,7420.29
氹仔,22.1607285836,7314.29
氹仔,22.1575688079,7236.36
氹仔,22.1602019593,7916.36
氹仔,22.1572905853,8557.46
氹仔,22.1572905853,8503.25
氹仔,22.1582643621,5977.78
氹仔,22.1562472455,6956.12
氹仔,22.1606789022,6909.79
氹仔,22.1603609404,6747.28
氹仔,22.1588804215,6094.35
氹仔,22.1562472455,6840.28
氹仔,22.1621892106,5274.51
氹仔,22.1562472455,6525.2
氹仔,22.1571812834,10489.2
氹仔,22.1578370935,6172.84
氹仔,22.1583438538,7099.14
氹仔,22.1570719814,4854.09
氹仔,22.1616526555,6440.68
氹仔,22.1575688079,6960
氹仔,22.1576483,7352.94
氹仔,22.1576483,7435.9
氹仔,22.1580556962,6371.86
氹仔,22.1562472455,6840.28
氹仔,22.1575688079,7653.85
氹仔,22.1555516813,8596.15
氹仔,22.1562472455,6770.83
氹仔,22.1577377286,6464.03
氹仔,22.1607285836,6647.06
氹仔,22.1577377286,6299.69
氹仔,22.1575688079,6571.19
氹仔,22.1570719814,5380.33
氹仔,22.1577377286,6300.48
氹仔,22.1570719814,6112.08
氹仔,22.1583438538,7116.56
氹仔,22.1570719814,4854.09
氹仔,22.1602019593,7812.5
氹仔,22.1585028371,4740.38
氹仔,22.1589797857,5909.51
氹仔,22.1577377286,6203.55
氹仔,22.1569527428,6298.63
氹仔,22.1594666691,7022.47
氹仔,22.1616526555,6519.69
氹仔,22.1572905853,7548.73
氹仔,22.1578370935,6533.71
氹仔,22.1583339174,6975.14
氹仔,22.1602019593,7092.2
氹仔,22.1606789022,8155.34
氹仔,22.1569229331,7172.88
氹仔,22.1582643621,5584.42
氹仔,22.1621892106,5099.27
氹仔,22.1589797857,6703.5
氹仔,22.1570421718,7279.95
氹仔,22.1589797857,6729.94
氹仔,22.1585823286,6731
氹仔,22.157866903,7545.4
氹仔,22.1580556962,6987.95
氹仔,22.1621097211,5985.97
氹仔,22.1621892106,5000
氹仔,22.1583438538,6993.87
氹仔,22.1616526555,6440.68
氹仔,22.1621892106,4989.56
氹仔,22.1573402679,6496.12
氹仔,22.1562472455,6840.28
氹仔,22.1586518837,7570.77
氹仔,22.1585823286,6513.27
氹仔,22.1606789022,7097.79
氹仔,22.1606789022,7622.74
氹仔,22.1606789022,6909.79
氹仔,22.1569527428,5935.37
氹仔,22.1577377286,6058.16
氹仔,22.1602019593,8742.86
氹仔,22.1562472455,6406.25
氹仔,22.1606789022,6578.95
氹仔,22.1580556962,7047.39
氹仔,22.1578370935,5108.06
氹仔,22.1577377286,6382.98
氹仔,22.1570421718,7610.85
氹仔,22.1562472455,6840.28
氹仔,22.1576483,7785.55
氹仔,22.1602019593,7447.76
氹仔,22.1576781095,7980.95
氹仔,22.1562472455,6770.83
氹仔,22.1607285836,7337.42
氹仔,22.1607285836,7582.82
氹仔,22.1562472455,6797.39
氹仔,22.1602019593,6600
氹仔,22.1570421718,7279.95
氹仔,22.1570719814,5380.33
氹仔,22.1575688079,6236.56
氹仔,22.1524017263,8300.3
氹仔,22.1652296509,6250
氹仔,22.1589797857,6727.09
氹仔,22.1616526555,6921.88
氹仔,22.1571812834,10000
氹仔,22.1571812834,10000
氹仔,22.1580556962,7168.67
氹仔,22.1602019593,7966.62
氹仔,22.1583438538,6871.17
氹仔,22.1583438538,6746.99
氹仔,22.1583438538,6993.87
氹仔,22.1573402679,5734.27
氹仔,22.1576483,6534
氹仔,22.1578370935,6243.75
氹仔,22.1583438538,7337.42
氹仔,22.1583438538,7116.56
氹仔,22.1606789022,8200
氹仔,22.1606789022,8200
氹仔,22.1602019593,6994.42
氹仔,22.1576781095,7695.24
氹仔,22.1606789022,6012.42
氹仔,22.1562472455,5523.64
氹仔,22.1570719814,4904.18
氹仔,22.1572905853,8492.63
氹仔,22.1570719814,5555.56
氹仔,22.1606789022,7417.58
氹仔,22.1607285836,7130.43
氹仔,22.1578370935,5851.06
氹仔,22.1612055247,6761.9
氹仔,22.1616526555,5915.25
氹仔,22.1536040834,6786.79
氹仔,22.1585028371,9243.9
氹仔,22.1602019593,6600
氹仔,22.1602019593,7913.31
氹仔,22.1562472455,6797.39
氹仔,22.1580556962,7047.39
氹仔,22.1585823286,6867.26
氹仔,22.1602019593,7105.79
氹仔,22.1616526555,6355.93
氹仔,22.1562472455,6770.83
氹仔,22.1583438538,7125.31
氹仔,22.1616526555,6469.21
氹仔,22.1524017263,9500
氹仔,22.1524017263,7304.43
氹仔,22.1524017263,8680.91
氹仔,22.1524017263,8120.1
氹仔,22.1602019593,8946.98
氹仔,22.1589201672,8070.62
氹仔,22.1589201672,6900
氹仔,22.1573402679,6816.77
氹仔,22.1536040834,6893.79
氹仔,22.1570719814,5490.59
氹仔,22.1602019593,9078.95
氹仔,22.1569825524,7996.24
氹仔,22.1570719814,4798.08
氹仔,22.1562472455,6719.72
氹仔,22.1570719814,5595.12
氹仔,22.1583438538,6355.83
氹仔,22.1572905853,8425.58
氹仔,22.1583438538,4330.43
氹仔,22.1602019593,6791.69
氹仔,22.1621097211,5985.97
氹仔,22.1575688079,7600
氹仔,22.1589797857,6000
氹仔,22.1589797857,6535.58
氹仔,22.1602019593,9041.1
氹仔,22.1616526555,5932.2
氹仔,22.1524017263,8000
氹仔,22.1570421718,7279.95
氹仔,22.1570421718,6885.03
氹仔,22.1570719814,4904.18
氹仔,22.1621097211,5929.14
氹仔,22.1589797857,6545.82
氹仔,22.1589797857,6760
氹仔,22.1606789022,6249.12
氹仔,22.1606789022,6333.57
氹仔,22.157866903,7112.38
氹仔,22.1577377286,6058.16
氹仔,22.1570421718,7025.32
氹仔,22.1606789022,7641.79
氹仔,22.1606789022,7925.67
氹仔,22.1585028371,7257.38
氹仔,22.1616526555,6598.43
氹仔,22.1524017263,8800
氹仔,22.1594666691,7500
氹仔,22.1647725955,7396.97
氹仔,22.1602019593,8300
氹仔,22.1573402679,6506.21
氹仔,22.1621892106,5811.24
氹仔,22.1577377286,6122.78
氹仔,22.1616526555,6762.71
氹仔,22.1570719814,6080.14
氹仔,22.1621097211,6767.96
氹仔,22.1606789022,9528.54
氹仔,22.1606789022,7765.45
氹仔,22.1570719814,4854.09
氹仔,22.1585823286,6120.48
氹仔,22.1578370935,5656.03
氹仔,22.1647725955,8805.92
氹仔,22.1583438538,7055.21
氹仔,22.1575688079,5266.67
氹仔,22.1569527428,6729.76
氹仔,22.1606789022,7749.6
氹仔,22.1589797857,6680
氹仔,22.1607285836,7214.72
氹仔,22.1569527428,5446.24
氹仔,22.1562472455,6797.39
氹仔,22.1562472455,6770.83
氹仔,22.1602019593,8865.25
氹仔,22.1602019593,9111.28
氹仔,22.1583438538,6993.87
氹仔,22.1616526555,6440.68
氹仔,22.1621892106,5568.63
氹仔,22.1578370935,6533.71
氹仔,22.1576781095,7702.57
氹仔,22.1562472455,6770.83
氹仔,22.1562472455,5386
氹仔,22.1607285836,7047.06
氹仔,22.1582643621,6063.95
氹仔,22.1575688079,5479.45
氹仔,22.1569527428,6708.73
氹仔,22.1578370935,5283.02
氹仔,22.157866903,7878.79
氹仔,22.1606789022,9290.86
氹仔,22.1606789022,7508.53
氹仔,22.1586518837,7570.77
氹仔,22.1583438538,7552.8
氹仔,22.1524017263,7304.43
氹仔,22.1524017263,8680.91
氹仔,22.1616526555,6718.75
氹仔,22.1570719814,4736.84
氹仔,22.1570719814,4854.09
氹仔,22.158304108,7250
氹仔,22.1570719814,4854.09
氹仔,22.1583438538,7107.84
氹仔,22.1570719814,4854.09
氹仔,22.1584829642,7348.9
氹仔,22.1572905853,7800
氹仔,22.1582643621,5866.67
氹仔,22.1562472455,6770.83
氹仔,22.1583438538,6993.87
氹仔,22.1572905853,7994.81
氹仔,22.1569527428,6309.15
氹仔,22.1562472455,6770.83
氹仔,22.1562472455,6840.28
氹仔,22.1602019593,7888.81
氹仔,22.1585028371,9113
氹仔,22.1575688079,7889.55
氹仔,22.1569527428,6708.73
氹仔,22.1641168177,5212.12
氹仔,22.1621892106,5568.63
氹仔,22.1607285836,6954.55
氹仔,22.1589797857,6530
氹仔,22.1589797857,6385.96
氹仔,22.1606789022,7299.7
氹仔,22.1561379428,6653.33
氹仔,22.1576483,7058.82
氹仔,22.1570421718,9135.63
氹仔,22.1533954105,5375.72
氹仔,22.1585028371,5840.43
氹仔,22.1569527428,6842.11
氹仔,22.1571812834,8700
氹仔,22.1571812834,8700
氹仔,22.1571812834,8700
氹仔,22.1571812834,8700
氹仔,22.1602019593,7092.2
氹仔,22.1602019593,7501.27
氹仔,22.1524017263,6800
氹仔,22.1621892106,5514.56
氹仔,22.1647725955,7299.27
氹仔,22.1602019593,7966.62
氹仔,22.1602019593,8955.22
氹仔,22.1570719814,4371.05
氹仔,22.1589797857,6727.09
氹仔,22.1589797857,6752.73
氹仔,22.1602019593,8070.32
氹仔,22.1571812834,9200
氹仔,22.1562472455,5673.25
氹仔,22.1602019593,7602.64
氹仔,22.1585028371,8373.79
氹仔,22.1524017263,7677.07
氹仔,22.1569328697,7038.83
氹仔,22.1602019593,7345.49
氹仔,22.1602019593,7584.83
氹仔,22.1602019593,7584.83
氹仔,22.1576483,6791.04
氹仔,22.1562472455,7282.91
氹仔,22.1621892106,5242.11
氹仔,22.1621892106,5612.24
氹仔,22.1654383062,6046.69
氹仔,22.1578370935,5842.97
氹仔,22.1562472455,6840.28
氹仔,22.1621097211,5769.23
氹仔,22.1570719814,5500
氹仔,22.1570719814,5086.65
氹仔,22.1621892106,5320.39
氹仔,22.1572905853,6498.92
氹仔,22.1524017263,7400.86
氹仔,22.1585028371,5000
氹仔,22.1585028371,5800
氹仔,22.1524017263,7824.51
氹仔,22.1621097211,5876.96
氹仔,22.1570719814,5490.59
氹仔,22.1606789022,6708.07
氹仔,22.1594666691,6622.52
氹仔,22.1583438538,7116.56
氹仔,22.1606789022,7641.79
氹仔,22.1583438538,7002.46
氹仔,22.1575688079,7600
氹仔,22.1580556962,6311.56
氹仔,22.1578370935,5797.1
氹仔,22.1569825524,7539.68
氹仔,22.1577377286,6362.72
氹仔,22.1570421718,7873.4
氹仔,22.1524017263,6427.22
氹仔,22.1616526555,6598.43
氹仔,22.1569328697,8640.78
氹仔,22.1616526555,6781.25
氹仔,22.1573402679,6506.21
氹仔,22.1569527428,5445.88
氹仔,22.163381548,5563.28
氹仔,22.1602019593,7040
氹仔,22.1602019593,8059.7
氹仔,22.1561379428,6586.67
氹仔,22.1585028371,8250.59
氹仔,22.1612055247,6969.33
氹仔,22.1524017263,8200
氹仔,22.1589797857,6727.09
氹仔,22.1524017263,7800
氹仔,22.1583438538,7116.56
氹仔,22.1579993335,8855.47
氹仔,22.1621892106,5174.97
氹仔,22.1536040834,6848.48
氹仔,22.1575688079,7436.4
氹仔,22.1616526555,6440.68
氹仔,22.1562472455,7563.03
氹仔,22.1621892106,5163.64
氹仔,22.1582941715,7458.33
氹仔,22.1583438538,7116.56
氹仔,22.1583339174,7211.7
氹仔,22.1621097211,5929.14
氹仔,22.1602019593,7004.56
氹仔,22.163381548,5331.08
氹仔,22.1583438538,7092.02
氹仔,22.1583438538,7552.8
氹仔,22.1621097211,5697.33
氹仔,22.1580556962,7047.39
氹仔,22.157866903,8060.61
氹仔,22.1602019593,7510.99
氹仔,22.1602019593,7312.15
氹仔,22.1524017263,7465.22
氹仔,22.1602019593,6781.55
氹仔,22.1577377286,6666.67
氹仔,22.1524017263,6805.29
氹仔,22.1606789022,6591.81
氹仔,22.1569328697,10194.17
氹仔,22.1583438538,6993.87
氹仔,22.1583438538,6538.46
氹仔,22.1570719814,5086.65
氹仔,22.157866903,7809.39
氹仔,22.1580556962,7228.92
氹仔,22.1583438538,6117.65
氹仔,22.1576483,7046.12
氹仔,22.1585028371,5000
氹仔,22.1583438538,6985.29
氹仔,22.1583438538,6993.87
氹仔,22.1575688079,3833.33
氹仔,22.1575688079,3833.33
氹仔,22.1562472455,5912.63
氹仔,22.1585028371,8605.2
氹仔,22.1569229331,7475.81
氹仔,22.1580556962,6764.71
氹仔,22.1602019593,8194.23
氹仔,22.1602019593,8194.23
氹仔,22.1524017263,6800
氹仔,22.1524017263,6800
氹仔,22.1524017263,6800.65
氹仔,22.1621097211,5985.97
氹仔,22.1524017263,6800.65
氹仔,22.1582345527,5867.35
氹仔,22.1583438538,7125
氹仔,22.1583438538,6993.87
氹仔,22.1602019593,7739
氹仔,22.158304108,6215.47
氹仔,22.1580556962,7047.39
氹仔,22.157866903,6970.13
氹仔,22.1583438538,6993.87
氹仔,22.1606789022,6333.57
氹仔,22.1583339174,6975.14
氹仔,22.1606789022,6661.49
氹仔,22.1582643621,4746.84
氹仔,22.1583438538,6993.87
氹仔,22.1570719814,4904.18
氹仔,22.1575688079,6571.19
氹仔,22.1583438538,6993.87
氹仔,22.157866903,7105.26
氹仔,22.1621097211,5932.2
氹仔,22.1578370935,6050.72