13800.0,22.1524017263,113.5640108585
12229.7,22.1571812834,113.5473918915
12000.0,22.1571812834,113.5473918915
12000.0,22.1571812834,113.5473918915
10542.48,22.1524017263,113.5640108585
10526.32,22.1602019593,113.5551059246
10521.89,22.1579993335,113.5599413652
10489.2,22.1571812834,113.5473918915
10201.75,22.1571812834,113.5473918915
10194.17,22.1569328697,113.5550200939
10116.0,22.1606789022,113.5443878174
10101.01,22.1579993335,113.5599413652
10101.01,22.1579993335,113.5599413652
10101.01,22.1579993335,113.5599413652
10096.28,22.1571812834,113.5473918915
10068.03,22.1585028371,113.5536575317
10000.0,22.1602019593,113.5551059246
10000.0,22.1602019593,113.5551059246
10000.0,22.1571812834,113.5473918915
10000.0,22.1571812834,113.5473918915
10000.0,22.1524017263,113.5640108585
10000.0,22.1571812834,113.5473918915
10000.0,22.1571812834,113.5473918915
9972.8,22.1524017263,113.5640108585
9798.27,22.1524017263,113.5640108585
9795.38,22.1571812834,113.5473918915
9739.45,22.1606789022,113.5443878174
9711.36,22.1606789022,113.5443878174
9680.13,22.1579993335,113.5599413652
9594.88,22.1571812834,113.5473918915
9551.02,22.1647725955,113.5613501072
9551.02,22.1647725955,113.5613501072
9539.47,22.1602019593,113.5551059246
9528.54,22.1606789022,113.5443878174
9528.54,22.1606789022,113.5443878174
9528.54,22.1606789022,113.5443878174
9528.54,22.1606789022,113.5443878174
9528.54,22.1606789022,113.5443878174
9501.57,22.1571812834,113.5473918915
9500.0,22.1571812834,113.5473918915
9500.0,22.1524017263,113.5640108585
9496.33,22.1571812834,113.5473918915
9404.72,22.1647725955,113.5613501072
9363.64,22.1585028371,113.5536575317
9318.8,22.1571812834,113.5473918915
9314.23,22.1524017263,113.5640108585
9305.21,22.1606789022,113.5443878174
9300.0,22.1524017263,113.5640108585
9290.86,22.1606789022,113.5443878174
9243.9,22.1585028371,113.5536575317
9210.53,22.1602019593,113.5551059246
9206.59,22.1602019593,113.5551059246
9202.45,22.1583041080,113.5578310490
9200.0,22.1571812834,113.5473918915
9181.64,22.1606789022,113.5443878174
9156.33,22.1606789022,113.5443878174
9135.63,22.1570421718,113.5591614246
9117.2,22.1602019593,113.5551059246
9113.0,22.1585028371,113.5536575317
9111.28,22.1602019593,113.5551059246
9100.0,22.1524017263,113.5640108585
9088.7,22.1585028371,113.5536575317
9078.95,22.1602019593,113.5551059246
9078.95,22.1602019593,113.5551059246
9065.79,22.1602019593,113.5551059246
9056.32,22.1602019593,113.5551059246
9041.1,22.1602019593,113.5551059246
9041.1,22.1602019593,113.5551059246
9041.1,22.1602019593,113.5551059246
9037.52,22.1579993335,113.5599413652
9000.0,22.1571812834,113.5473918915
8982.16,22.1571812834,113.5473918915
8982.16,22.1571812834,113.5473918915
8982.04,22.1606789022,113.5443878174
8955.22,22.1602019593,113.5551059246
8946.98,22.1602019593,113.5551059246
8912.04,22.1585028371,113.5536575317
8888.89,22.1602019593,113.5551059246
8888.89,22.1602019593,113.5551059246
8888.89,22.1602019593,113.5551059246
8870.69,22.1524017263,113.5640108585
8869.74,22.1602019593,113.5551059246
8866.74,22.1571812834,113.5473918915
8865.25,22.1602019593,113.5551059246
8855.47,22.1579993335,113.5599413652
8844.44,22.1583041080,113.5578310490
8844.44,22.1583041080,113.5578310490
8823.53,22.1536040834,113.5554492474
8814.27,22.1571812834,113.5473918915
8812.55,22.1602019593,113.5551059246
8806.26,22.1575688079,113.5515868664
8805.92,22.1647725955,113.5613501072
8800.46,22.1524017263,113.5640108585
8800.46,22.1524017263,113.5640108585
8800.0,22.1524017263,113.5640108585
8800.0,22.1571812834,113.5473918915
8800.0,22.1524017263,113.5640108585
8799.31,22.1572905853,113.5591721535
8788.16,22.1602019593,113.5551059246
8785.94,22.1579993335,113.5599413652
8785.94,22.1579993335,113.5599413652
8773.29,22.1606789022,113.5443878174
8751.9,22.1602019593,113.5551059246
8748.48,22.1585028371,113.5536575317
8748.48,22.1585028371,113.5536575317
8742.86,22.1602019593,113.5551059246
8742.86,22.1602019593,113.5551059246
8700.0,22.1571812834,113.5473918915
8700.0,22.1571812834,113.5473918915
8700.0,22.1571812834,113.5473918915
8700.0,22.1571812834,113.5473918915
8682.35,22.1585028371,113.5536575317
8680.91,22.1524017263,113.5640108585
8680.91,22.1524017263,113.5640108585
8677.97,22.1585028371,113.5536575317
8676.47,22.1570421718,113.5591614246
8676.47,22.1570421718,113.5591614246
8661.85,22.1570421718,113.5591614246
8656.87,22.1571812834,113.5473918915
8650.0,22.1602019593,113.5551059246
8649.62,22.1602019593,113.5551059246
8647.0,22.1524017263,113.5640108585
8645.53,22.1606789022,113.5443878174
8640.78,22.1569328697,113.5550200939
8640.55,22.1606789022,113.5443878174
8638.92,22.1585028371,113.5536575317
8638.92,22.1585028371,113.5536575317
8634.87,22.1579993335,113.5599413652
8632.32,22.1606789022,113.5443878174
8612.44,22.1602019593,113.5551059246
8605.2,22.1585028371,113.5536575317
8600.0,22.1571812834,113.5473918915
8600.0,22.1571812834,113.5473918915
8598.35,22.1585028371,113.5536575317
8598.35,22.1585028371,113.5536575317
8596.15,22.1555516813,113.5559320450
8584.91,22.1570719814,113.5538291931
8574.79,22.1585028371,113.5536575317
8574.79,22.1585028371,113.5536575317
8574.79,22.1585028371,113.5536575317
8560.0,22.1575688079,113.5515868664
8559.86,22.1602019593,113.5551059246
8557.46,22.1572905853,113.5591721535
8556.15,22.1602019593,113.5551059246
8523.59,22.1602019593,113.5551059246
8523.59,22.1602019593,113.5551059246
8516.3,22.1606789022,113.5443878174
8516.3,22.1606789022,113.5443878174
8516.3,22.1606789022,113.5443878174
8508.95,22.1575688079,113.5515868664
8503.25,22.1572905853,113.5591721535
8503.25,22.1572905853,113.5591721535
8501.23,22.1602019593,113.5551059246
8500.0,22.1602019593,113.5551059246
8500.0,22.1572905853,113.5591721535
8495.15,22.1569328697,113.5550200939
8492.63,22.1572905853,113.5591721535
8492.14,22.1602019593,113.5551059246
8487.08,22.1572905853,113.5591721535
8476.19,22.1602019593,113.5551059246
8470.59,22.1585028371,113.5536575317
8463.73,22.1578669030,113.5588181019
8456.1,22.1620799125,113.5561037064
8450.36,22.1585028371,113.5536575317
8443.58,22.1569229331,113.5580456257
8436.45,22.1585028371,113.5536575317
8432.89,22.1570421718,113.5591614246
8426.97,22.1572905853,113.5591721535
8425.58,22.1572905853,113.5591721535
8418.13,22.1602019593,113.5551059246
8418.13,22.1602019593,113.5551059246
8412.18,22.1579993335,113.5599413652
8409.64,22.1585028371,113.5536575317
8392.16,22.1575688079,113.5515868664
8392.16,22.1575688079,113.5515868664
8385.54,22.1583041080,113.5578310490
8380.95,22.1602019593,113.5551059246
8375.73,22.1575688079,113.5515868664
8373.79,22.1585028371,113.5536575317
8373.79,22.1585028371,113.5536575317
8369.8,22.1585028371,113.5536575317
8362.17,22.1585028371,113.5536575317
8356.16,22.1602019593,113.5551059246
8346.3,22.1569229331,113.5580456257
8345.98,22.1602019593,113.5551059246
8345.98,22.1602019593,113.5551059246
8345.98,22.1602019593,113.5551059246
8345.98,22.1602019593,113.5551059246
8345.98,22.1602019593,113.5551059246
8339.22,22.1585028371,113.5536575317
8337.13,22.1579993335,113.5599413652
8328.71,22.1570421718,113.5591614246
8316.7,22.1606789022,113.5443878174
8316.7,22.1606789022,113.5443878174
8303.39,22.1606789022,113.5443878174
8300.3,22.1524017263,113.5640108585
8300.0,22.1602019593,113.5551059246
8297.52,22.1524017263,113.5640108585
8295.96,22.1602019593,113.5551059246
8290.69,22.1524017263,113.5640108585
8290.69,22.1524017263,113.5640108585
8289.41,22.1555516813,113.5559320450
8260.87,22.1578669030,113.5588181019
8252.43,22.1606789022,113.5443878174
8252.43,22.1569328697,113.5550200939
8250.59,22.1585028371,113.5536575317
8242.72,22.1569328697,113.5550200939
8238.1,22.1569229331,113.5580456257
8238.1,22.1569825524,113.5564363003
8235.29,22.1585028371,113.5536575317
8235.29,22.1602019593,113.5551059246
8220.5,22.1585028371,113.5536575317
8219.18,22.1602019593,113.5551059246
8219.18,22.1602019593,113.5551059246
8219.18,22.1575688079,113.5515868664
8216.74,22.1536040834,113.5554492474
8213.61,22.1524017263,113.5640108585
8212.84,22.1602019593,113.5551059246
8212.84,22.1602019593,113.5551059246
8208.96,22.1602019593,113.5551059246
8204.62,22.1602019593,113.5551059246
8200.0,22.1524017263,113.5640108585
8200.0,22.1606789022,113.5443878174
8200.0,22.1606789022,113.5443878174
8200.0,22.1524017263,113.5640108585
8199.5,22.1579993335,113.5599413652
8197.12,22.1572905853,113.5591721535
8196.32,22.1607285836,113.5555136204
8194.23,22.1602019593,113.5551059246
8194.23,22.1602019593,113.5551059246
8194.23,22.1602019593,113.5551059246
8191.75,22.1585028371,113.5536575317
8189.38,22.1606789022,113.5443878174
8177.62,22.1602019593,113.5551059246
8177.57,22.1524017263,113.5640108585
8174.39,22.1571812834,113.5473918915
8171.43,22.1602019593,113.5551059246
8171.43,22.1602019593,113.5551059246
8171.43,22.1602019593,113.5551059246
8161.62,22.1578669030,113.5588181019
8161.62,22.1578669030,113.5588181019
8155.34,22.1569328697,113.5550200939
8155.34,22.1569328697,113.5550200939
8155.34,22.1606789022,113.5443878174
8153.38,22.1620799125,113.5561037064
8151.75,22.1569229331,113.5580456257
8146.49,22.1602019593,113.5551059246
8139.3,22.1606789022,113.5443878174
8135.92,22.1606789022,113.5443878174
8120.1,22.1524017263,113.5640108585
8120.1,22.1524017263,113.5640108585
8090.31,22.1569825524,113.5564363003
8085.94,22.1606789022,113.5443878174
8085.6,22.1602019593,113.5551059246
8083.83,22.1602019593,113.5551059246
8072.17,22.1569825524,113.5564363003
8070.62,22.1589201672,113.5586464405
8070.62,22.1589201672,113.5586464405
8070.62,22.1589201672,113.5586464405
8070.62,22.1589201672,113.5586464405
8070.32,22.1602019593,113.5551059246
8068.58,22.1602019593,113.5551059246
8065.72,22.1602019593,113.5551059246
8064.52,22.1589201672,113.5586464405
8060.61,22.1578669030,113.5588181019
8060.61,22.1578669030,113.5588181019
8059.7,22.1602019593,113.5551059246
8059.7,22.1602019593,113.5551059246
8059.7,22.1602019593,113.5551059246
8054.47,22.1569229331,113.5580456257
8041.7,22.1602019593,113.5551059246
8041.7,22.1602019593,113.5551059246
8038.83,22.1606789022,113.5443878174
8019.14,22.1602019593,113.5551059246
8018.09,22.1579993335,113.5599413652
8015.77,22.1524017263,113.5640108585
8009.71,22.1569328697,113.5550200939
8009.42,22.1585028371,113.5536575317
8002.81,22.1570421718,113.5591614246
8001.89,22.1524017263,113.5640108585
8000.0,22.1602019593,113.5551059246
8000.0,22.1602019593,113.5551059246
8000.0,22.1602019593,113.5551059246
8000.0,22.1524017263,113.5640108585
8000.0,22.1602019593,113.5551059246
8000.0,22.1602019593,113.5551059246
8000.0,22.1524017263,113.5640108585
8000.0,22.1572905853,113.5591721535
8000.0,22.1524017263,113.5640108585
8000.0,22.1572905853,113.5591721535
8000.0,22.1524017263,113.5640108585
7998.75,22.1579993335,113.5599413652
7997.28,22.1571812834,113.5473918915
7996.24,22.1569825524,113.5564363003
7994.81,22.1572905853,113.5591721535
7994.81,22.1572905853,113.5591721535
7994.01,22.1602019593,113.5551059246
7984.03,22.1606789022,113.5443878174
7983.54,22.1536040834,113.5554492474
7982.78,22.1572905853,113.5591721535
7980.95,22.1576781095,113.5480570793
7980.95,22.1576781095,113.5480570793
7966.62,22.1602019593,113.5551059246
7966.62,22.1602019593,113.5551059246
7966.62,22.1602019593,113.5551059246
7966.62,22.1602019593,113.5551059246
7959.6,22.1578669030,113.5588181019
7957.2,22.1569229331,113.5580456257
7952.29,22.1575688079,113.5515868664
7951.81,22.1608577553,113.5510611534
7946.55,22.1570421718,113.5591614246
7944.51,22.1589201672,113.5586464405
7943.71,22.1524017263,113.5640108585
7941.75,22.1606789022,113.5443878174
7941.75,22.1606789022,113.5443878174
7941.75,22.1606789022,113.5443878174
7941.75,22.1606789022,113.5443878174
7941.75,22.1606789022,113.5443878174
7925.67,22.1606789022,113.5443878174
7925.67,22.1606789022,113.5443878174
7916.67,22.1606789022,113.5443878174
7916.36,22.1602019593,113.5551059246
7915.19,22.1585823286,113.5581529140
7913.67,22.1585028371,113.5536575317
7913.31,22.1602019593,113.5551059246
7913.31,22.1602019593,113.5551059246
7912.62,22.1606789022,113.5443878174
7912.52,22.1575688079,113.5515868664
7906.98,22.1559491470,113.5596871376
7901.7,22.1606789022,113.5443878174
7899.54,22.1602019593,113.5551059246
7889.55,22.1575688079,113.5515868664
7888.81,22.1602019593,113.5551059246
7888.81,22.1602019593,113.5551059246
7888.81,22.1602019593,113.5551059246
7888.81,22.1602019593,113.5551059246
7887.75,22.1606789022,113.5443878174
7887.75,22.1606789022,113.5443878174
7885.18,22.1578669030,113.5588181019
7883.35,22.1569825524,113.5564363003
7879.38,22.1569229331,113.5580456257
7878.79,22.1578669030,113.5588181019
7878.79,22.1578669030,113.5588181019
7878.79,22.1578669030,113.5588181019
7878.79,22.1578669030,113.5588181019
7878.79,22.1578669030,113.5588181019
7873.4,22.1570421718,113.5591614246
7871.06,22.1569825524,113.5564363003
7866.67,22.1606789022,113.5443878174
7864.08,22.1569328697,113.5550200939
7864.08,22.1569328697,113.5550200939
7864.08,22.1569328697,113.5550200939
7858.46,22.1602019593,113.5551059246
7850.96,22.1606789022,113.5443878174
7829.67,22.1584829642,113.5492479801
7824.51,22.1524017263,113.5640108585
7818.18,22.1573402679,113.5419845581
7814.87,22.1602019593,113.5551059246
7812.5,22.1602019593,113.5551059246
7812.5,22.1602019593,113.5551059246
7812.5,22.1585028371,113.5536575317
7812.5,22.1602019593,113.5551059246
7812.5,22.1602019593,113.5551059246
7810.99,22.1569229331,113.5580456257
7810.99,22.1569229331,113.5580456257
7810.99,22.1569229331,113.5580456257
7810.99,22.1569229331,113.5580456257
7809.39,22.1578669030,113.5588181019
7809.39,22.1578669030,113.5588181019
7806.0,22.1524017263,113.5640108585
7801.68,22.1524017263,113.5640108585
7801.68,22.1524017263,113.5640108585
7800.0,22.1524017263,113.5640108585
7800.0,22.1524017263,113.5640108585
7800.0,22.1588804215,113.5498380661
7800.0,22.1583041080,113.5578310490
7800.0,22.1572905853,113.5591721535
7800.0,22.1524017263,113.5640108585
7799.7,22.1602019593,113.5551059246
7799.7,22.1602019593,113.5551059246
7793.92,22.1606789022,113.5443878174
7788.65,22.1575688079,113.5515868664
7788.05,22.1578669030,113.5588181019
7785.55,22.1576483000,113.5584425926
7785.38,22.1570421718,113.5591614246
7782.1,22.1569229331,113.5580456257
7779.89,22.1606789022,113.5443878174
7777.06,22.1579993335,113.5599413652
7777.06,22.1579993335,113.5599413652
7765.45,22.1606789022,113.5443878174
7765.45,22.1606789022,113.5443878174
7764.95,22.1571812834,113.5473918915
7763.71,22.1585028371,113.5536575317
7749.6,22.1606789022,113.5443878174
7744.43,22.1555516813,113.5559320450
7739.0,22.1602019593,113.5551059246
7739.0,22.1602019593,113.5551059246
7733.49,22.1572905853,113.5591721535
7733.49,22.1572905853,113.5591721535
7730.06,22.1612055247,113.5557281971
7724.3,22.1572905853,113.5591721535
7724.3,22.1572905853,113.5591721535
7724.3,22.1572905853,113.5591721535
7724.3,22.1572905853,113.5591721535
7722.77,22.1575688079,113.5515868664
7715.13,22.1606789022,113.5443878174
7709.92,22.1576781095,113.5480570793
7708.74,22.1569328697,113.5550200939
7705.52,22.1612055247,113.5557281971
7702.57,22.1576781095,113.5480570793
7700.21,22.1524017263,113.5640108585
7698.55,22.1579993335,113.5599413652
7695.24,22.1576781095,113.5480570793
7695.24,22.1576781095,113.5480570793
7695.24,22.1576781095,113.5480570793
7695.24,22.1576781095,113.5480570793
7695.24,22.1576781095,113.5480570793
7695.24,22.1576781095,113.5480570793
7695.24,22.1576781095,113.5480570793
7695.24,22.1576781095,113.5480570793
7695.24,22.1576781095,113.5480570793
7692.31,22.1555516813,113.5559320450
7686.57,22.1602019593,113.5551059246
7677.07,22.1524017263,113.5640108585
7671.64,22.1602019593,113.5551059246
7669.79,22.1578669030,113.5588181019
7669.0,22.1576483000,113.5584425926
7669.0,22.1576483000,113.5584425926
7666.67,22.1575688079,113.5515868664
7653.85,22.1575688079,113.5515868664
7653.0,22.1572905853,113.5591721535
7651.2,22.1570421718,113.5591614246
7642.55,22.1585028371,113.5536575317
7641.79,22.1606789022,113.5443878174
7641.79,22.1606789022,113.5443878174
7641.79,22.1606789022,113.5443878174
7641.79,22.1606789022,113.5443878174
7632.09,22.1575688079,113.5515868664
7627.56,22.1570421718,113.5591614246
7625.0,22.1612055247,113.5557281971
7622.74,22.1606789022,113.5443878174
7615.7,22.1578669030,113.5588181019
7615.7,22.1578669030,113.5588181019
7615.7,22.1578669030,113.5588181019
7611.94,22.1602019593,113.5551059246
7610.85,22.1570421718,113.5591614246
7610.85,22.1570421718,113.5591614246
7610.85,22.1570421718,113.5591614246
7610.85,22.1570421718,113.5591614246
7610.29,22.1602019593,113.5551059246
7609.76,22.1572905853,113.5591721535
7608.7,22.1593871781,113.5567903519
7605.47,22.1572905853,113.5591721535
7604.56,22.1585028371,113.5536575317
7602.74,22.1602019593,113.5551059246
7602.64,22.1602019593,113.5551059246
7602.64,22.1602019593,113.5551059246
7600.28,22.1606789022,113.5443878174
7600.28,22.1606789022,113.5443878174
7600.28,22.1606789022,113.5443878174
7600.0,22.1524017263,113.5640108585
7600.0,22.1524017263,113.5640108585
7600.0,22.1524017263,113.5640108585
7600.0,22.1575688079,113.5515868664
7600.0,22.1575688079,113.5515868664
7598.78,22.1602019593,113.5551059246
7595.24,22.1594666691,113.5582065582
7594.94,22.1585028371,113.5536575317
7584.83,22.1602019593,113.5551059246
7584.83,22.1602019593,113.5551059246
7582.82,22.1607285836,113.5555136204
7582.82,22.1607285836,113.5555136204
7578.06,22.1585028371,113.5536575317
7578.01,22.1524017263,113.5640108585
7572.08,22.1602019593,113.5551059246
7572.08,22.1602019593,113.5551059246
7572.08,22.1602019593,113.5551059246
7572.08,22.1602019593,113.5551059246
7572.08,22.1602019593,113.5551059246
7572.08,22.1602019593,113.5551059246
7572.08,22.1602019593,113.5551059246
7570.77,22.1586518837,113.5495269299
7570.77,22.1586518837,113.5495269299
7570.77,22.1586518837,113.5495269299
7570.77,22.1586518837,113.5495269299
7570.77,22.1586518837,113.5495269299
7565.79,22.1579993335,113.5599413652
7565.79,22.1579993335,113.5599413652
7565.79,22.1579993335,113.5599413652
7565.79,22.1579993335,113.5599413652
7565.79,22.1579993335,113.5599413652
7565.79,22.1579993335,113.5599413652
7563.03,22.1562472455,113.5543978214
7563.03,22.1562472455,113.5543978214
7561.6,22.1585028371,113.5536575317
7560.0,22.1611459072,113.5581207275
7555.21,22.1606789022,113.5443878174
7553.4,22.1606789022,113.5443878174
7552.8,22.1583438538,113.5491299629
7552.8,22.1583438538,113.5491299629
7552.8,22.1583438538,113.5491299629
7552.74,22.1585028371,113.5536575317
7548.73,22.1572905853,113.5591721535
7545.4,22.1578669030,113.5588181019
7545.4,22.1578669030,113.5588181019
7540.06,22.1524017263,113.5640108585
7539.68,22.1569825524,113.5564363003
7539.68,22.1569825524,113.5564363003
7520.0,22.1602019593,113.5551059246
7510.99,22.1602019593,113.5551059246
7510.04,22.1580556962,113.5580778122
7510.04,22.1580556962,113.5580778122
7508.53,22.1606789022,113.5443878174
7508.53,22.1606789022,113.5443878174
7508.53,22.1606789022,113.5443878174
7505.88,22.1608577553,113.5510611534
7504.99,22.1602019593,113.5551059246
7502.41,22.1569229331,113.5580456257
7502.41,22.1569229331,113.5580456257
7501.27,22.1602019593,113.5551059246
7500.95,22.1606789022,113.5443878174
7500.0,22.1524017263,113.5640108585
7500.0,22.1524017263,113.5640108585
7500.0,22.1579993335,113.5599413652
7500.0,22.1572905853,113.5591721535
7500.0,22.1572905853,113.5591721535
7500.0,22.1524017263,113.5640108585
7500.0,22.1594666691,113.5582065582
7496.25,22.1569825524,113.5564363003
7495.15,22.1606789022,113.5443878174
7494.15,22.1585028371,113.5536575317
7494.15,22.1578669030,113.5588181019
7493.67,22.1602019593,113.5551059246
7484.66,22.1607285836,113.5555136204
7478.52,22.1589201672,113.5586464405
7478.49,22.1570421718,113.5591614246
7475.81,22.1569229331,113.5580456257
7475.73,22.1606789022,113.5443878174
7470.12,22.1583339174,113.5584104061
7470.12,22.1583339174,113.5584104061
7465.22,22.1524017263,113.5640108585
7463.44,22.1602019593,113.5551059246
7462.69,22.1583339174,113.5584104061
7462.69,22.1583339174,113.5584104061
7462.69,22.1583339174,113.5584104061
7459.68,22.1602019593,113.5551059246
7459.68,22.1602019593,113.5551059246
7459.68,22.1602019593,113.5551059246
7458.33,22.1583041080,113.5578310490
7458.33,22.1582941715,113.5578203201
7453.77,22.1578669030,113.5588181019
7453.27,22.1576483000,113.5584425926
7450.98,22.1562472455,113.5543978214
7447.76,22.1602019593,113.5551059246
7447.76,22.1602019593,113.5551059246
7441.86,22.1576483000,113.5584425926
7441.15,22.1579993335,113.5599413652
7441.15,22.1579993335,113.5599413652
7441.15,22.1579993335,113.5599413652
7436.4,22.1575688079,113.5515868664
7436.4,22.1575688079,113.5515868664
7436.4,22.1575688079,113.5515868664
7436.4,22.1575688079,113.5515868664
7436.4,22.1575688079,113.5515868664
7436.4,22.1575688079,113.5515868664
7435.9,22.1576483000,113.5584425926
7435.9,22.1576483000,113.5584425926
7432.56,22.1576483000,113.5584425926
7427.47,22.1607285836,113.5555136204
7423.31,22.1607285836,113.5555136204
7420.29,22.1585028371,113.5536575317
7418.4,22.1606789022,113.5443878174
7418.4,22.1606789022,113.5443878174
7418.4,22.1606789022,113.5443878174
7417.58,22.1606789022,113.5443878174
7401.32,22.1579993335,113.5599413652
7400.86,22.1524017263,113.5640108585
7396.97,22.1647725955,113.5613501072
7396.97,22.1647725955,113.5613501072
7394.84,22.1524017263,113.5640108585
7393.94,22.1575688079,113.5515868664
7391.3,22.1536040834,113.5554492474
7381.89,22.1576483000,113.5584425926
7380.0,22.1583339174,113.5584104061
7378.88,22.1606789022,113.5443878174
7378.64,22.1575688079,113.5515868664
7375.0,22.1606789022,113.5443878174
7375.0,22.1633815480,113.5562002659
7373.46,22.1602019593,113.5551059246
7358.72,22.1607285836,113.5555136204
7357.86,22.1578669030,113.5588181019
7357.86,22.1578669030,113.5588181019
7357.86,22.1578669030,113.5588181019
7357.86,22.1578669030,113.5588181019
7357.86,22.1578669030,113.5588181019
7357.86,22.1578669030,113.5588181019
7357.86,22.1578669030,113.5588181019
7357.86,22.1578669030,113.5588181019
7357.86,22.1578669030,113.5588181019
7357.86,22.1578669030,113.5588181019
7357.86,22.1578669030,113.5588181019
7357.86,22.1578669030,113.5588181019
7357.65,22.1606789022,113.5443878174
7355.93,22.1616526555,113.5540330410
7352.94,22.1576483000,113.5584425926
7352.94,22.1576483000,113.5584425926
7350.75,22.1602019593,113.5551059246
7350.6,22.1606789022,113.5443878174
7350.6,22.1606789022,113.5443878174
7348.9,22.1584829642,113.5492479801
7346.44,22.1612055247,113.5557281971
7346.33,22.1569825524,113.5564363003
7345.49,22.1602019593,113.5551059246
7341.77,22.1602019593,113.5551059246
7341.34,22.1585823286,113.5581529140
7337.42,22.1607285836,113.5555136204
7337.42,22.1583438538,113.5491299629
7337.42,22.1583438538,113.5491299629
7337.42,22.1607285836,113.5555136204
7337.42,22.1607285836,113.5555136204
7337.42,22.1583438538,113.5491299629
7333.33,22.1576781095,113.5480570793
7330.64,22.1524017263,113.5640108585
7329.19,22.1606789022,113.5443878174
7320.0,22.1602019593,113.5551059246
7319.54,22.1602019593,113.5551059246
7319.49,22.1606789022,113.5443878174
7318.7,22.1606789022,113.5443878174
7318.7,22.1606789022,113.5443878174
7318.7,22.1606789022,113.5443878174
7316.67,22.1576781095,113.5480570793
7314.29,22.1607285836,113.5555136204
7312.15,22.1602019593,113.5551059246
7312.15,22.1602019593,113.5551059246
7312.15,22.1602019593,113.5551059246
7312.15,22.1602019593,113.5551059246
7312.15,22.1602019593,113.5551059246
7311.52,22.1578669030,113.5588181019
7311.52,22.1578669030,113.5588181019
7311.52,22.1578669030,113.5588181019
7311.52,22.1578669030,113.5588181019
7311.52,22.1578669030,113.5588181019
7311.52,22.1578669030,113.5588181019
7311.52,22.1578669030,113.5588181019
7311.52,22.1578669030,113.5588181019
7311.52,22.1578669030,113.5588181019
7311.52,22.1578669030,113.5588181019
7305.26,22.1606789022,113.5443878174
7304.93,22.1524017263,113.5640108585
7304.43,22.1524017263,113.5640108585
7304.43,22.1524017263,113.5640108585
7303.06,22.1606789022,113.5443878174
7302.13,22.1585028371,113.5536575317
7302.13,22.1585028371,113.5536575317
7300.15,22.1602019593,113.5551059246
7300.0,22.1524017263,113.5640108585
7300.0,22.1524017263,113.5640108585
7300.0,22.1524017263,113.5640108585
7299.9,22.1602019593,113.5551059246
7299.7,22.1606789022,113.5443878174
7299.27,22.1647725955,113.5613501072
7290.4,22.1580556962,113.5580778122
7288.63,22.1586518837,113.5495269299
7285.71,22.1607285836,113.5555136204
7283.53,22.1585028371,113.5536575317
7282.91,22.1562472455,113.5543978214
7281.55,22.1575688079,113.5515868664
7281.0,22.1606789022,113.5443878174
7279.95,22.1570421718,113.5591614246
7279.95,22.1570421718,113.5591614246
7279.95,22.1570421718,113.5591614246
7279.95,22.1570421718,113.5591614246
7279.95,22.1570421718,113.5591614246
7279.95,22.1570421718,113.5591614246
7279.95,22.1570421718,113.5591614246
7279.95,22.1570421718,113.5591614246
7279.95,22.1570421718,113.5591614246
7279.95,22.1570421718,113.5591614246
7279.95,22.1570421718,113.5591614246
7278.85,22.1572905853,113.5591721535
7273.19,22.1602019593,113.5551059246
7259.62,22.1588804215,113.5498380661
7259.62,22.1588804215,113.5498380661
7258.98,22.1607285836,113.5555136204
7258.98,22.1607285836,113.5555136204
7258.98,22.1607285836,113.5555136204
7257.38,22.1585028371,113.5536575317
7257.38,22.1585028371,113.5536575317
7257.38,22.1585028371,113.5536575317
7254.62,22.1578669030,113.5588181019
7254.62,22.1578669030,113.5588181019
7254.62,22.1578669030,113.5588181019
7254.62,22.1578669030,113.5588181019
7254.55,22.1576781095,113.5480570793
7250.0,22.1583041080,113.5578310490
7250.0,22.1583041080,113.5578310490
7236.84,22.1570421718,113.5591614246
7236.36,22.1575688079,113.5515868664
7236.23,22.1562472455,113.5543978214
7236.23,22.1562472455,113.5543978214
7236.23,22.1562472455,113.5543978214
7229.61,22.1602019593,113.5551059246
7228.92,22.1606789022,113.5443878174
7228.92,22.1580556962,113.5580778122
7218.05,22.1583339174,113.5584104061
7214.72,22.1607285836,113.5555136204
7211.7,22.1583339174,113.5584104061
7211.7,22.1583339174,113.5584104061
7200.0,22.1602019593,113.5551059246
7197.57,22.1606789022,113.5443878174
7195.12,22.1633815480,113.5562002659
7191.37,22.1602019593,113.5551059246
7184.47,22.1569328697,113.5550200939
7184.47,22.1569328697,113.5550200939
7183.5,22.1578669030,113.5588181019
7177.91,22.1612055247,113.5557281971
7177.57,22.1589797857,113.5575413704
7173.91,22.1575688079,113.5515868664
7173.91,22.1578669030,113.5588181019
7172.88,22.1569229331,113.5580456257
7172.88,22.1569229331,113.5580456257
7172.88,22.1569229331,113.5580456257
7172.88,22.1569229331,113.5580456257
7172.88,22.1569229331,113.5580456257
7171.24,22.1612055247,113.5557281971
7170.87,22.1562472455,113.5543978214
7170.87,22.1562472455,113.5543978214
7170.87,22.1562472455,113.5543978214
7170.87,22.1562472455,113.5543978214
7170.73,22.1583438538,113.5491299629
7168.67,22.1580556962,113.5580778122
7168.67,22.1580556962,113.5580778122
7152.94,22.1584829642,113.5492479801
7152.32,22.1593871781,113.5567903519
7144.59,22.1580556962,113.5580778122
7143.55,22.1647725955,113.5613501072
7142.86,22.1582345527,113.5490334034
7132.08,22.1611459072,113.5581207275
7130.43,22.1585028371,113.5536575317
7130.43,22.1585028371,113.5536575317
7130.43,22.1607285836,113.5555136204
7127.33,22.1606789022,113.5443878174
7125.31,22.1583438538,113.5491299629
7125.0,22.1583438538,113.5491299629
7120.0,22.1602019593,113.5551059246
7116.56,22.1583438538,113.5491299629
7116.56,22.1583438538,113.5491299629
7116.56,22.1583438538,113.5491299629
7116.56,22.1583438538,113.5491299629
7116.56,22.1583438538,113.5491299629
7116.56,22.1583438538,113.5491299629
7116.56,22.1583438538,113.5491299629
7116.56,22.1583438538,113.5491299629
7116.56,22.1583438538,113.5491299629
7116.56,22.1583438538,113.5491299629
7116.56,22.1583438538,113.5491299629
7116.56,22.1583438538,113.5491299629
7116.56,22.1583438538,113.5491299629
7115.38,22.1588804215,113.5498380661
7112.38,22.1578669030,113.5588181019
7112.38,22.1578669030,113.5588181019
7112.38,22.1578669030,113.5588181019
7112.38,22.1578669030,113.5588181019
7111.47,22.1602019593,113.5551059246
7111.47,22.1602019593,113.5551059246
7111.47,22.1602019593,113.5551059246
7110.04,22.1603609404,113.5572946072
7107.84,22.1583438538,113.5491299629
7107.84,22.1583438538,113.5491299629
7107.84,22.1583438538,113.5491299629
7107.84,22.1583438538,113.5491299629
7107.84,22.1583438538,113.5491299629
7105.79,22.1602019593,113.5551059246
7105.79,22.1602019593,113.5551059246
7105.79,22.1602019593,113.5551059246
7105.26,22.1578669030,113.5588181019
7105.26,22.1578669030,113.5588181019
7104.29,22.1583438538,113.5491299629
7100.0,22.1585028371,113.5536575317
7099.14,22.1583438538,113.5491299629
7099.14,22.1583438538,113.5491299629
7099.14,22.1583438538,113.5491299629
7099.14,22.1583438538,113.5491299629
7097.79,22.1606789022,113.5443878174
7095.79,22.1602019593,113.5551059246
7095.79,22.1602019593,113.5551059246
7095.79,22.1602019593,113.5551059246
7092.2,22.1602019593,113.5551059246
7092.2,22.1602019593,113.5551059246
7092.2,22.1602019593,113.5551059246
7092.2,22.1602019593,113.5551059246
7092.02,22.1583438538,113.5491299629
7090.91,22.1606789022,113.5443878174
7085.56,22.1570421718,113.5591614246
7082.71,22.1524017263,113.5640108585
7077.86,22.1524017263,113.5640108585
7072.93,22.1589797857,113.5575413704
7071.73,22.1585028371,113.5536575317
7067.14,22.1602019593,113.5551059246
7065.22,22.1575688079,113.5515868664
7058.82,22.1576483000,113.5584425926
7058.82,22.1576483000,113.5584425926
7057.06,22.1583339174,113.5584104061
7057.04,22.1602019593,113.5551059246
7055.21,22.1583438538,113.5491299629
7054.55,22.1539121236,113.5579383373
7047.39,22.1580556962,113.5580778122
7047.39,22.1580556962,113.5580778122
7047.39,22.1580556962,113.5580778122
7047.39,22.1580556962,113.5580778122
7047.39,22.1580556962,113.5580778122
7047.39,22.1580556962,113.5580778122
7047.06,22.1607285836,113.5555136204
7046.15,22.1585823286,113.5581529140
7046.12,22.1576483000,113.5584425926
7046.12,22.1576483000,113.5584425926
7046.12,22.1576483000,113.5584425926
7046.12,22.1576483000,113.5584425926
7044.73,22.1647725955,113.5613501072
7040.0,22.1583041080,113.5578310490
7040.0,22.1602019593,113.5551059246
7038.83,22.1569328697,113.5550200939
7038.83,22.1569328697,113.5550200939
7038.83,22.1569328697,113.5550200939
7037.3,22.1606789022,113.5443878174
7035.29,22.1584829642,113.5492479801
7035.29,22.1584829642,113.5492479801
7029.88,22.1578669030,113.5588181019
7025.76,22.1578669030,113.5588181019
7025.76,22.1578669030,113.5588181019
7025.76,22.1578669030,113.5588181019
7025.32,22.1570421718,113.5591614246
7022.47,22.1594666691,113.5582065582
7018.72,22.1570421718,113.5591614246
7016.95,22.1616526555,113.5540330410
7016.68,22.1576483000,113.5584425926
7004.56,22.1602019593,113.5551059246
7004.56,22.1602019593,113.5551059246
7004.56,22.1602019593,113.5551059246
7003.06,22.1585823286,113.5581529140
7002.46,22.1583438538,113.5491299629
7001.01,22.1602019593,113.5551059246
7001.01,22.1602019593,113.5551059246
7000.0,22.1602019593,113.5551059246
7000.0,22.1580556962,113.5580778122
6994.42,22.1602019593,113.5551059246
6994.42,22.1602019593,113.5551059246
6993.87,22.1583438538,113.5491299629
6993.87,22.1583438538,113.5491299629
6993.87,22.1583438538,113.5491299629
6993.87,22.1583438538,113.5491299629
6993.87,22.1583438538,113.5491299629
6993.87,22.1583438538,113.5491299629
6993.87,22.1583438538,113.5491299629
6993.87,22.1583438538,113.5491299629
6993.87,22.1583438538,113.5491299629
6993.87,22.1583438538,113.5491299629
6993.87,22.1583438538,113.5491299629
6993.87,22.1583438538,113.5491299629
6993.87,22.1583438538,113.5491299629
6993.87,22.1583438538,113.5491299629
6993.87,22.1583438538,113.5491299629
6993.87,22.1583438538,113.5491299629
6993.87,22.1583438538,113.5491299629
6993.87,22.1583438538,113.5491299629
6993.87,22.1583438538,113.5491299629
6993.87,22.1583438538,113.5491299629
6993.87,22.1583438538,113.5491299629
6993.87,22.1583438538,113.5491299629
6992.19,22.1616526555,113.5540330410
6987.95,22.1580556962,113.5580778122
6986.63,22.1580556962,113.5580778122
6985.29,22.1583438538,113.5491299629
6985.29,22.1583438538,113.5491299629
6985.29,22.1583438538,113.5491299629
6985.29,22.1583438538,113.5491299629
6982.02,22.1612055247,113.5557281971
6981.82,22.1607285836,113.5555136204
6980.58,22.1569328697,113.5550200939
6977.99,22.1572905853,113.5591721535
6976.74,22.1583438538,113.5491299629
6975.14,22.1583339174,113.5584104061
6975.14,22.1583339174,113.5584104061
6975.14,22.1583339174,113.5584104061
6974.58,22.1616526555,113.5540330410
6974.58,22.1616526555,113.5540330410
6974.29,22.1647725955,113.5613501072
6970.13,22.1578669030,113.5588181019
6969.49,22.1569229331,113.5580456257
6969.33,22.1583438538,113.5491299629
6969.33,22.1612055247,113.5557281971
6969.33,22.1583438538,113.5491299629
6969.33,22.1612055247,113.5557281971
6969.33,22.1612055247,113.5557281971
6963.86,22.1580556962,113.5580778122
6963.86,22.1580556962,113.5580778122
6963.86,22.1580556962,113.5580778122
6960.0,22.1575688079,113.5515868664
6959.15,22.1602019593,113.5551059246
6956.52,22.1585028371,113.5536575317
6956.52,22.1585028371,113.5536575317
6956.12,22.1562472455,113.5543978214
6954.55,22.1607285836,113.5555136204
6952.38,22.1607285836,113.5555136204
6950.0,22.1536040834,113.5554492474
6949.57,22.1572905853,113.5591721535
6947.96,22.1570421718,113.5591614246
6940.06,22.1606789022,113.5443878174
6935.78,22.1611459072,113.5581207275
6933.33,22.1612055247,113.5557281971
6932.08,22.1585028371,113.5536575317
6927.08,22.1562472455,113.5543978214
6926.83,22.1583438538,113.5491299629
6926.83,22.1583438538,113.5491299629
6923.08,22.1606789022,113.5443878174
6921.99,22.2024448747,113.5430467129
6921.88,22.1616526555,113.5540330410
6921.88,22.1616526555,113.5540330410
6921.82,22.1606789022,113.5443878174
6921.82,22.1606789022,113.5443878174
6913.58,22.1572905853,113.5591721535
6912.75,22.1570421718,113.5591614246
6909.79,22.1606789022,113.5443878174
6909.79,22.1606789022,113.5443878174
6909.79,22.1606789022,113.5443878174
6904.06,22.1606789022,113.5443878174
6903.55,22.1606789022,113.5443878174
6903.17,22.1621097211,113.5558676720
6903.17,22.1621097211,113.5558676720
6900.0,22.1524017263,113.5640108585
6900.0,22.1589201672,113.5586464405
6893.94,22.1585823286,113.5581529140
6893.79,22.1536040834,113.5554492474
6890.76,22.1562472455,113.5543978214
6885.03,22.1570421718,113.5591614246
6885.03,22.1570421718,113.5591614246
6875.93,22.1579993335,113.5599413652
6875.0,22.1584829642,113.5492479801
6875.0,22.1583438538,113.5491299629
6872.73,22.1583041080,113.5578310490
6871.25,22.1570421718,113.5591614246
6871.17,22.1583438538,113.5491299629
6869.3,22.1577377286,113.5529494286
6869.3,22.1577377286,113.5529494286
6869.3,22.1577377286,113.5529494286
6867.47,22.1580556962,113.5580778122
6867.47,22.1580556962,113.5580778122
6867.26,22.1585823286,113.5581529140
6861.58,22.1580556962,113.5580778122
6857.14,22.1586518837,113.5495269299
6855.12,22.1585823286,113.5581529140
6852.55,22.1524017263,113.5640108585
6851.21,22.1647725955,113.5613501072
6848.48,22.1536040834,113.5554492474
6847.94,22.1589797857,113.5575413704
6845.43,22.1606789022,113.5443878174
6842.37,22.1602019593,113.5551059246
6842.37,22.1602019593,113.5551059246
6842.37,22.1602019593,113.5551059246
6842.37,22.1602019593,113.5551059246
6842.37,22.1602019593,113.5551059246
6842.11,22.1569527428,113.5606849194
6840.28,22.1562472455,113.5543978214
6840.28,22.1562472455,113.5543978214
6840.28,22.1562472455,113.5543978214
6840.28,22.1562472455,113.5543978214
6840.28,22.1562472455,113.5543978214
6840.28,22.1562472455,113.5543978214
6840.28,22.1562472455,113.5543978214
6840.28,22.1562472455,113.5543978214
6839.67,22.1606789022,113.5443878174
6839.46,22.1606789022,113.5443878174
6827.79,22.1536040834,113.5554492474
6825.94,22.1575688079,113.5515868664
6816.77,22.1573402679,113.5419845581
6816.06,22.1562472455,113.5543978214
6812.03,22.1585823286,113.5581529140
6808.8,22.1576781095,113.5480570793
6805.29,22.1524017263,113.5640108585
6800.65,22.1524017263,113.5640108585
6800.65,22.1524017263,113.5640108585
6800.0,22.1524017263,113.5640108585
6800.0,22.1524017263,113.5640108585
6800.0,22.1524017263,113.5640108585
6800.0,22.1602019593,113.5551059246
6800.0,22.1524017263,113.5640108585
6800.0,22.1524017263,113.5640108585
6800.0,22.1524017263,113.5640108585
6797.58,22.1589797857,113.5575413704
6797.39,22.1562472455,113.5543978214
6797.39,22.1562472455,113.5543978214
6797.39,22.1562472455,113.5543978214
6797.39,22.1562472455,113.5543978214
6797.39,22.1562472455,113.5543978214
6797.39,22.1562472455,113.5543978214
6797.39,22.1562472455,113.5543978214
6797.39,22.1562472455,113.5543978214
6797.39,22.1562472455,113.5543978214
6797.39,22.1562472455,113.5543978214
6797.39,22.1562472455,113.5543978214
6797.39,22.1562472455,113.5543978214
6797.39,22.1562472455,113.5543978214
6797.39,22.1562472455,113.5543978214
6797.39,22.1562472455,113.5543978214
6797.39,22.1562472455,113.5543978214
6797.39,22.1562472455,113.5543978214
6795.84,22.1524017263,113.5640108585
6791.69,22.1602019593,113.5551059246
6791.04,22.1576483000,113.5584425926
6789.12,22.1616725280,113.5561680794
6789.12,22.1616725280,113.5561680794
6789.12,22.1616725280,113.5561680794
6786.79,22.1536040834,113.5554492474
6781.83,22.1606789022,113.5443878174
6781.55,22.1602019593,113.5551059246
6781.25,22.1616526555,113.5540330410
6779.94,22.1569825524,113.5564363003
6779.66,22.1569229331,113.5580456257
6779.66,22.1616526555,113.5540330410
6770.83,22.1562472455,113.5543978214
6770.83,22.1562472455,113.5543978214
6770.83,22.1562472455,113.5543978214
6770.83,22.1562472455,113.5543978214
6770.83,22.1562472455,113.5543978214
6770.83,22.1562472455,113.5543978214
6770.83,22.1562472455,113.5543978214
6770.83,22.1562472455,113.5543978214
6770.83,22.1562472455,113.5543978214
6770.83,22.1562472455,113.5543978214
6770.83,22.1562472455,113.5543978214
6770.19,22.1606789022,113.5443878174
6768.71,22.1616725280,113.5561680794
6767.96,22.1621097211,113.5558676720
6767.24,22.1584829642,113.5492479801
6765.8,22.1589797857,113.5575413704
6764.71,22.1580556962,113.5580778122
6764.09,22.1577377286,113.5529494286
6762.71,22.1616526555,113.5540330410
6762.71,22.1616526555,113.5540330410
6762.71,22.1616526555,113.5540330410
6761.9,22.1612055247,113.5557281971
6760.0,22.1589797857,113.5575413704
6752.73,22.1589797857,113.5575413704
6752.29,22.1611459072,113.5581207275
6750.0,22.1536040834,113.5554492474
6747.28,22.1603609404,113.5572946072
6747.28,22.1603609404,113.5572946072
6747.28,22.1603609404,113.5572946072
6746.99,22.1583438538,113.5491299629
6744.19,22.1562472455,113.5543978214
6739.13,22.1584829642,113.5492479801
6736.84,22.1589797857,113.5575413704
6736.84,22.1589797857,113.5575413704
6731.0,22.1585823286,113.5581529140
6730.77,22.1654482421,113.5576915741
6729.94,22.1589797857,113.5575413704
6729.76,22.1569527428,113.5606849194
6729.76,22.1569527428,113.5606849194
6729.76,22.1569527428,113.5606849194
6728.68,22.1573402679,113.5419845581
6727.09,22.1589797857,113.5575413704
6727.09,22.1589797857,113.5575413704
6727.09,22.1589797857,113.5575413704
6727.09,22.1589797857,113.5575413704
6727.09,22.1589797857,113.5575413704
6727.09,22.1589797857,113.5575413704
6727.09,22.1589797857,113.5575413704
6727.09,22.1589797857,113.5575413704
6727.09,22.1589797857,113.5575413704
6727.09,22.1589797857,113.5575413704
6727.09,22.1589797857,113.5575413704
6727.09,22.1589797857,113.5575413704
6727.09,22.1589797857,113.5575413704
6725.66,22.1585823286,113.5581529140
6720.43,22.1589797857,113.5575413704
6720.43,22.1589797857,113.5575413704
6719.72,22.1562472455,113.5543978214
6718.75,22.1616526555,113.5540330410
6718.75,22.1616526555,113.5540330410
6718.75,22.1616526555,113.5540330410
6717.91,22.1570421718,113.5591614246
6717.85,22.1606789022,113.5443878174
6717.85,22.1606789022,113.5443878174
6717.39,22.1575688079,113.5515868664
6713.78,22.1585823286,113.5581529140
6713.19,22.1621097211,113.5558676720
6713.19,22.1621097211,113.5558676720
6713.19,22.1621097211,113.5558676720
6711.95,22.1602019593,113.5551059246
6711.95,22.1602019593,113.5551059246
6708.73,22.1569527428,113.5606849194
6708.73,22.1569527428,113.5606849194
6708.63,22.1606789022,113.5443878174
6708.07,22.1606789022,113.5443878174
6708.07,22.1606789022,113.5443878174
6708.07,22.1606789022,113.5443878174
6708.07,22.1606789022,113.5443878174
6708.07,22.1606789022,113.5443878174
6706.83,22.1580556962,113.5580778122
6705.88,22.1580556962,113.5580778122
6705.88,22.1580556962,113.5580778122
6705.05,22.1606789022,113.5443878174
6704.12,22.1611459072,113.5581207275
6703.5,22.1589797857,113.5575413704
6703.47,22.1606789022,113.5443878174
6703.13,22.1616526555,113.5540330410
6701.49,22.1588804215,113.5498380661
6701.49,22.1588804215,113.5498380661
6699.03,22.1524017263,113.5640108585
6698.61,22.1555516813,113.5559320450
6698.11,22.1585028371,113.5536575317
6696.88,22.1589797857,113.5575413704
6689.9,22.1621097211,113.5558676720
6687.02,22.1585823286,113.5581529140
6686.75,22.1583438538,113.5491299629
6686.05,22.1603609404,113.5572946072
6680.0,22.1589797857,113.5575413704
6680.0,22.1589797857,113.5575413704
6677.97,22.1616526555,113.5540330410
6677.97,22.1616526555,113.5540330410
6677.97,22.1616526555,113.5540330410
6677.97,22.1616526555,113.5540330410
6677.97,22.1616526555,113.5540330410
6677.97,22.1616526555,113.5540330410
6672.17,22.1576483000,113.5584425926
6666.67,22.1585028371,113.5536575317
6666.67,22.1584829642,113.5492479801
6666.67,22.1577377286,113.5529494286
6666.67,22.1585823286,113.5581529140
6666.67,22.1585028371,113.5536575317
6666.67,22.1577377286,113.5529494286
6666.67,22.1539121236,113.5579383373
6666.67,22.1562472455,113.5543978214
6666.67,22.1562472455,113.5543978214
6666.67,22.1577377286,113.5529494286
6661.49,22.1606789022,113.5443878174
6660.32,22.1606789022,113.5443878174
6657.86,22.1606789022,113.5443878174
6653.33,22.1561379428,113.5601377487
6650.0,22.1594666691,113.5582065582
6647.34,22.1585028371,113.5536575317
6647.06,22.1607285836,113.5555136204
6646.53,22.1589797857,113.5575413704
6645.57,22.1606789022,113.5443878174
6644.07,22.1569229331,113.5580456257
6644.07,22.1569229331,113.5580456257
6637.74,22.1621097211,113.5558676720
6635.51,22.1562472455,113.5543978214
6634.34,22.1524017263,113.5640108585
6633.57,22.1589797857,113.5575413704
6631.3,22.1562472455,113.5543978214
6622.52,22.1594666691,113.5582065582
6622.52,22.1594666691,113.5582065582
6622.52,22.1594666691,113.5582065582
6615.38,22.1588804215,113.5498380661
6615.38,22.1588804215,113.5498380661
6614.29,22.1602019593,113.5551059246
6610.64,22.1562472455,113.5543978214
6610.17,22.1616526555,113.5540330410
6605.02,22.1606789022,113.5443878174
6603.77,22.1611459072,113.5581207275
6602.41,22.1603609404,113.5572946072
6600.0,22.1602019593,113.5551059246
6600.0,22.1602019593,113.5551059246
6600.0,22.1602019593,113.5551059246
6600.0,22.1602019593,113.5551059246
6598.98,22.1575688079,113.5515868664
6598.43,22.1616526555,113.5540330410
6598.43,22.1616526555,113.5540330410
6598.43,22.1616526555,113.5540330410
6598.43,22.1616526555,113.5540330410
6598.43,22.1616526555,113.5540330410
6598.41,22.1606789022,113.5443878174
6597.22,22.1562472455,113.5543978214
6596.17,22.1589797857,113.5575413704
6591.81,22.1606789022,113.5443878174
6588.24,22.1607285836,113.5555136204
6586.83,22.1602019593,113.5551059246
6586.83,22.1602019593,113.5551059246
6586.67,22.1561379428,113.5601377487
6585.61,22.1577377286,113.5529494286
6585.61,22.1577377286,113.5529494286
6583.33,22.1576483000,113.5584425926
6582.28,22.1602019593,113.5551059246
6581.13,22.1594666691,113.5582065582
6581.13,22.1594666691,113.5582065582
6579.86,22.1562472455,113.5543978214
6578.95,22.1588804215,113.5498380661
6578.95,22.1606789022,113.5443878174
6571.19,22.1575688079,113.5515868664
6571.19,22.1575688079,113.5515868664
6571.19,22.1575688079,113.5515868664
6571.19,22.1575688079,113.5515868664
6566.67,22.1576483000,113.5584425926
6566.67,22.1616526555,113.5540330410
6565.35,22.1577377286,113.5529494286
6565.35,22.1577377286,113.5529494286
6565.35,22.1577377286,113.5529494286
6565.35,22.1577377286,113.5529494286
6565.35,22.1577377286,113.5529494286
6565.35,22.1577377286,113.5529494286
6560.45,22.1585028371,113.5536575317
6557.38,22.1606789022,113.5443878174
6550.58,22.1576483000,113.5584425926
6549.84,22.1579165855,113.5520052910
6548.96,22.1583438538,113.5491299629
6546.88,22.1616526555,113.5540330410
6546.88,22.1616526555,113.5540330410
6545.82,22.1589797857,113.5575413704
6541.71,22.1589797857,113.5575413704
6541.71,22.1589797857,113.5575413704
6541.71,22.1589797857,113.5575413704
6538.46,22.1583438538,113.5491299629
6535.95,22.1562472455,113.5543978214
6535.58,22.1589797857,113.5575413704
6535.58,22.1589797857,113.5575413704
6535.58,22.1589797857,113.5575413704
6535.58,22.1589797857,113.5575413704
6535.58,22.1589797857,113.5575413704
6534.0,22.1576483000,113.5584425926
6533.71,22.1589797857,113.5575413704
6533.71,22.1578370935,113.5498702526
6533.71,22.1578370935,113.5498702526
6533.71,22.1578370935,113.5498702526
6533.71,22.1578370935,113.5498702526
6530.61,22.1569527428,113.5606849194
6530.61,22.1569527428,113.5606849194
6530.0,22.1589797857,113.5575413704
6525.2,22.1562472455,113.5543978214
6523.44,22.1589797857,113.5575413704
6521.74,22.1611459072,113.5581207275
6519.69,22.1616526555,113.5540330410
6519.45,22.1569527428,113.5606849194
6519.45,22.1569527428,113.5606849194
6513.32,22.1585823286,113.5581529140
6513.27,22.1585823286,113.5581529140
6512.56,22.1580556962,113.5580778122
6508.47,22.1616526555,113.5540330410
6507.49,22.1589797857,113.5575413704
6506.21,22.1573402679,113.5419845581
6506.21,22.1573402679,113.5419845581
6506.21,22.1573402679,113.5419845581
6506.21,22.1573402679,113.5419845581
6506.21,22.1573402679,113.5419845581
6498.92,22.1572905853,113.5591721535
6498.92,22.1572905853,113.5591721535
6498.92,22.1572905853,113.5591721535
6498.92,22.1572905853,113.5591721535
6496.12,22.1573402679,113.5419845581
6496.12,22.1573402679,113.5419845581
6496.12,22.1573402679,113.5419845581
6488.76,22.1589797857,113.5575413704
6484.3,22.1577377286,113.5529494286
6483.6,22.1621097211,113.5558676720
6474.82,22.1606789022,113.5443878174
6474.82,22.1606789022,113.5443878174
6471.18,22.1524017263,113.5640108585
6469.21,22.1616526555,113.5540330410
6464.03,22.1577377286,113.5529494286
6464.03,22.1577377286,113.5529494286
6464.03,22.1577377286,113.5529494286
6464.03,22.1577377286,113.5529494286
6464.03,22.1577377286,113.5529494286
6462.04,22.1577377286,113.5529494286
6460.67,22.1589797857,113.5575413704
6456.95,22.1594666691,113.5582065582
6445.88,22.1577377286,113.5529494286
6445.88,22.1577377286,113.5529494286
6443.97,22.1584829642,113.5492479801
6443.97,22.1584829642,113.5492479801
6443.97,22.1584829642,113.5492479801
6443.97,22.1584829642,113.5492479801
6443.97,22.1584829642,113.5492479801
6443.97,22.1584829642,113.5492479801
6440.68,22.1616526555,113.5540330410
6440.68,22.1616526555,113.5540330410
6440.68,22.1616526555,113.5540330410
6440.68,22.1616526555,113.5540330410
6440.68,22.1616526555,113.5540330410
6440.68,22.1616526555,113.5540330410
6440.68,22.1616526555,113.5540330410
6440.68,22.1616526555,113.5540330410
6440.68,22.1616526555,113.5540330410
6440.68,22.1654482421,113.5576915741
6440.68,22.1616526555,113.5540330410
6440.68,22.1616526555,113.5540330410
6440.68,22.1616526555,113.5540330410
6440.68,22.1616526555,113.5540330410
6440.68,22.1616526555,113.5540330410
6440.68,22.1616526555,113.5540330410
6440.07,22.1621097211,113.5558676720
6440.07,22.1621097211,113.5558676720
6435.21,22.1586518837,113.5495269299
6428.57,22.1582643621,113.5458254814
6427.22,22.1524017263,113.5640108585
6420.6,22.1585028371,113.5536575317
6414.17,22.1633815480,113.5562002659
6414.17,22.1633815480,113.5562002659
6413.37,22.1577377286,113.5529494286
6413.3,22.1585028371,113.5536575317
6406.31,22.1562472455,113.5543978214
6406.25,22.1562472455,113.5543978214
6406.25,22.1562472455,113.5543978214
6406.25,22.1562472455,113.5543978214
6406.25,22.1562472455,113.5543978214
6406.25,22.1562472455,113.5543978214
6406.25,22.1562472455,113.5543978214
6406.25,22.1562472455,113.5543978214
6400.0,22.1603609404,113.5572946072
6386.39,22.1577377286,113.5529494286
6385.96,22.1589797857,113.5575413704
6382.98,22.1577377286,113.5529494286
6382.98,22.1577377286,113.5529494286
6382.98,22.1577377286,113.5529494286
6382.98,22.1577377286,113.5529494286
6382.98,22.1585028371,113.5536575317
6382.98,22.1577377286,113.5529494286
6382.98,22.1577377286,113.5529494286
6382.98,22.1577377286,113.5529494286
6382.98,22.1577377286,113.5529494286
6381.26,22.1577377286,113.5529494286
6381.19,22.1616526555,113.5540330410
6381.19,22.1616526555,113.5540330410
6380.21,22.1562472455,113.5543978214
6377.44,22.1621097211,113.5558676720
6375.84,22.1616526555,113.5540330410
6371.86,22.1580556962,113.5580778122
6365.11,22.1577377286,113.5529494286
6365.11,22.1577377286,113.5529494286
6362.72,22.1577377286,113.5529494286
6362.72,22.1577377286,113.5529494286
6362.72,22.1577377286,113.5529494286
6362.72,22.1577377286,113.5529494286
6362.72,22.1577377286,113.5529494286
6362.72,22.1577377286,113.5529494286
6362.72,22.1577377286,113.5529494286
6362.72,22.1577377286,113.5529494286
6362.72,22.1577377286,113.5529494286
6362.72,22.1577377286,113.5529494286
6362.72,22.1577377286,113.5529494286
6362.72,22.1577377286,113.5529494286
6357.14,22.1654482421,113.5576915741
6357.14,22.1654482421,113.5576915741
6355.93,22.1616526555,113.5540330410
6355.93,22.1616526555,113.5540330410
6355.93,22.1616526555,113.5540330410
6355.93,22.1616526555,113.5540330410
6355.93,22.1616526555,113.5540330410
6355.83,22.1583438538,113.5491299629
6346.56,22.1577377286,113.5529494286
6338.98,22.1616526555,113.5540330410
6336.81,22.1562472455,113.5543978214
6336.81,22.1562472455,113.5543978214
6334.31,22.1585823286,113.5581529140
6333.57,22.1606789022,113.5443878174
6333.57,22.1606789022,113.5443878174
6333.57,22.1606789022,113.5443878174
6333.57,22.1606789022,113.5443878174
6333.57,22.1606789022,113.5443878174
6319.44,22.1562472455,113.5543978214
6317.54,22.1577377286,113.5529494286
6316.67,22.1616526555,113.5540330410
6311.56,22.1580556962,113.5580778122
6309.15,22.1569527428,113.5606849194
6307.69,22.1611459072,113.5581207275
6300.48,22.1577377286,113.5529494286
6300.48,22.1577377286,113.5529494286
6300.48,22.1577377286,113.5529494286
6300.48,22.1577377286,113.5529494286
6300.48,22.1577377286,113.5529494286
6300.0,22.1597150784,113.5481536388
6299.69,22.1577377286,113.5529494286
6299.64,22.1621097211,113.5558676720
6298.63,22.1569527428,113.5606849194
6296.3,22.1588804215,113.5498380661
6292.35,22.1555516813,113.5559320450
6292.35,22.1555516813,113.5559320450
6292.35,22.1555516813,113.5559320450
6285.71,22.1607285836,113.5555136204
6285.71,22.1607285836,113.5555136204
6285.71,22.1607285836,113.5555136204
6285.71,22.1607285836,113.5555136204
6284.33,22.1577377286,113.5529494286
6275.96,22.1585028371,113.5536575317
6266.98,22.1585028371,113.5536575317
6266.24,22.1585028371,113.5536575317
6263.19,22.1606789022,113.5443878174
6261.4,22.1577377286,113.5529494286
6255.25,22.1616526555,113.5540330410
6255.06,22.1577377286,113.5529494286
6254.55,22.1578370935,113.5498702526
6254.55,22.1578370935,113.5498702526
6254.24,22.1616526555,113.5540330410
6254.24,22.1616526555,113.5540330410
6254.24,22.1616526555,113.5540330410
6250.0,22.1652296509,113.5595583916
6249.12,22.1606789022,113.5443878174
6249.12,22.1606789022,113.5443878174
6249.12,22.1606789022,113.5443878174
6249.12,22.1606789022,113.5443878174
6249.12,22.1606789022,113.5443878174
6249.12,22.1606789022,113.5443878174
6249.12,22.1606789022,113.5443878174
6249.12,22.1606789022,113.5443878174
6249.12,22.1606789022,113.5443878174
6249.12,22.1606789022,113.5443878174
6243.75,22.1578370935,113.5498702526
6236.56,22.1575688079,113.5515868664
6232.64,22.1562472455,113.5543978214
6232.64,22.1562472455,113.5543978214
6232.64,22.1562472455,113.5543978214
6227.23,22.1562472455,113.5543978214
6219.71,22.1577377286,113.5529494286
6215.47,22.1583041080,113.5578310490
6215.38,22.1588804215,113.5498380661
6212.77,22.1585028371,113.5536575317
6203.55,22.1577377286,113.5529494286
6203.55,22.1577377286,113.5529494286
6203.55,22.1577377286,113.5529494286
6201.21,22.1562472455,113.5543978214
6198.76,22.1606789022,113.5443878174
6195.65,22.1573402679,113.5419845581
6195.4,22.1561379428,113.5601377487
6188.12,22.1524017263,113.5640108585
6187.5,22.1578370935,113.5498702526
6186.44,22.1616526555,113.5540330410
6182.97,22.1569527428,113.5606849194
6175.77,22.1589797857,113.5575413704
6172.84,22.1578370935,113.5498702526
6165.05,22.1585823286,113.5581529140
6163.19,22.1562472455,113.5543978214
6153.85,22.1621097211,113.5558676720
6149.48,22.1607285836,113.5555136204
6144.0,22.1583438538,113.5491299629
6141.86,22.1621097211,113.5558676720
6141.86,22.1621097211,113.5558676720
6141.86,22.1621097211,113.5558676720
6140.35,22.1589797857,113.5575413704
6137.93,22.1575688079,113.5515868664
6126.3,22.1524017263,113.5640108585
6123.08,22.1583041080,113.5578310490
6123.08,22.1611459072,113.5581207275
6122.81,22.1589797857,113.5575413704
6122.81,22.1589797857,113.5575413704
6122.78,22.1577377286,113.5529494286
6122.78,22.1577377286,113.5529494286
6122.78,22.1577377286,113.5529494286
6122.78,22.1577377286,113.5529494286
6122.78,22.1577377286,113.5529494286
6120.48,22.1585823286,113.5581529140
6118.76,22.1585028371,113.5536575317
6118.01,22.1573402679,113.5419845581
6118.01,22.1573402679,113.5419845581
6118.01,22.1573402679,113.5419845581
6118.01,22.1573402679,113.5419845581
6117.65,22.1583438538,113.5491299629
6117.65,22.1583438538,113.5491299629
6117.65,22.1583438538,113.5491299629
6112.08,22.1570719814,113.5538291931
6112.08,22.1570719814,113.5538291931
6112.08,22.1570719814,113.5538291931
6112.08,22.1570719814,113.5538291931
6112.08,22.1570719814,113.5538291931
6112.08,22.1570719814,113.5538291931
6112.08,22.1570719814,113.5538291931
6108.53,22.1573402679,113.5419845581
6108.53,22.1573402679,113.5419845581
6108.53,22.1573402679,113.5419845581
6108.53,22.1573402679,113.5419845581
6108.53,22.1573402679,113.5419845581
6108.11,22.1585028371,113.5536575317
6094.35,22.1588804215,113.5498380661
6090.49,22.1570719814,113.5538291931
6085.27,22.1573402679,113.5419845581
6080.76,22.1585028371,113.5536575317
6080.14,22.1570719814,113.5538291931
6078.13,22.1576483000,113.5584425926
6069.57,22.1570719814,113.5538291931
6067.96,22.1585823286,113.5581529140
6063.95,22.1582643621,113.5458254814
6058.76,22.1577377286,113.5529494286
6058.16,22.1577377286,113.5529494286
6058.16,22.1577377286,113.5529494286
6058.16,22.1577377286,113.5529494286
6058.16,22.1577377286,113.5529494286
6058.16,22.1577377286,113.5529494286
6057.97,22.1611459072,113.5581207275
6051.28,22.1584829642,113.5492479801
6050.72,22.1578370935,113.5498702526
6050.72,22.1578370935,113.5498702526
6047.24,22.1616526555,113.5540330410
6046.69,22.1654383062,113.5565328598
6042.0,22.1577377286,113.5529494286
6040.37,22.1573402679,113.5419845581
6038.46,22.1583438538,113.5491299629
6038.46,22.1583438538,113.5491299629
6036.36,22.1603609404,113.5572946072
6033.25,22.1585823286,113.5581529140
6033.25,22.1585823286,113.5581529140
6033.25,22.1585823286,113.5581529140
6033.25,22.1585823286,113.5581529140
6033.25,22.1585823286,113.5581529140
6031.98,22.1603609404,113.5572946072
6031.98,22.1603609404,113.5572946072
6031.98,22.1603609404,113.5572946072
6031.98,22.1603609404,113.5572946072
6030.77,22.1584829642,113.5492479801
6020.07,22.1582643621,113.5458254814
6017.42,22.1621097211,113.5558676720
6016.95,22.1616526555,113.5540330410
6016.95,22.1616526555,113.5540330410
6016.74,22.1585028371,113.5536575317
6012.42,22.1606789022,113.5443878174
6004.62,22.1585028371,113.5536575317
6001.89,22.1524017263,113.5640108585
6001.58,22.1589797857,113.5575413704
6001.22,22.1569527428,113.5606849194
6000.77,22.1654383062,113.5565328598
6000.77,22.1654383062,113.5565328598
6000.76,22.1654383062,113.5565328598
6000.0,22.1582643621,113.5458254814
6000.0,22.1524017263,113.5640108585
6000.0,22.1582643621,113.5458254814
6000.0,22.1524017263,113.5640108585
6000.0,22.1585028371,113.5536575317
6000.0,22.1524017263,113.5640108585
6000.0,22.1582643621,113.5458254814
6000.0,22.1582643621,113.5458254814
6000.0,22.1582643621,113.5458254814
6000.0,22.1582643621,113.5458254814
6000.0,22.1589797857,113.5575413704
5997.99,22.1584829642,113.5492479801
5997.77,22.1582643621,113.5458254814
5987.8,22.1562472455,113.5543978214
5986.21,22.1575688079,113.5515868664
5985.97,22.1621097211,113.5558676720
5985.97,22.1621097211,113.5558676720
5985.97,22.1621097211,113.5558676720
5985.97,22.1621097211,113.5558676720
5985.97,22.1621097211,113.5558676720
5985.97,22.1621097211,113.5558676720
5985.97,22.1621097211,113.5558676720
5985.97,22.1621097211,113.5558676720
5985.97,22.1621097211,113.5558676720
5985.97,22.1621097211,113.5558676720
5978.26,22.1578370935,113.5498702526
5978.26,22.1584829642,113.5492479801
5977.78,22.1582643621,113.5458254814
5977.78,22.1582643621,113.5458254814
5970.38,22.1621097211,113.5558676720
5964.91,22.1589797857,113.5575413704
5962.59,22.1621097211,113.5558676720
5962.59,22.1621097211,113.5558676720
5960.78,22.1583438538,113.5491299629
5960.78,22.1583438538,113.5491299629
5960.78,22.1583438538,113.5491299629
5957.45,22.1577377286,113.5529494286
5957.45,22.1577377286,113.5529494286
5940.0,22.1570719814,113.5538291931
5939.99,22.1569527428,113.5606849194
5938.24,22.1585028371,113.5536575317
5937.5,22.1578370935,113.5498702526
5937.29,22.1616725280,113.5561680794
5935.37,22.1569527428,113.5606849194
5932.2,22.1621097211,113.5558676720
5932.2,22.1616526555,113.5540330410
5932.2,22.1616526555,113.5540330410
5932.2,22.1616526555,113.5540330410
5932.2,22.1621097211,113.5558676720
5929.37,22.1589797857,113.5575413704
5929.14,22.1621097211,113.5558676720
5929.14,22.1621097211,113.5558676720
5929.14,22.1621097211,113.5558676720
5929.14,22.1621097211,113.5558676720
5926.58,22.1595362238,113.5476708412
5923.73,22.1616526555,113.5540330410
5920.0,22.1585028371,113.5536575317
5919.0,22.1582643621,113.5458254814
5915.25,22.1616526555,113.5540330410
5915.25,22.1621097211,113.5558676720
5915.25,22.1616526555,113.5540330410
5915.25,22.1616526555,113.5540330410
5915.25,22.1616526555,113.5540330410
5912.63,22.1562472455,113.5543978214
5909.51,22.1589797857,113.5575413704
5906.78,22.1585028371,113.5536575317
5890.05,22.1621097211,113.5558676720
5890.05,22.1621097211,113.5558676720
5887.68,22.1578370935,113.5498702526
5887.68,22.1578370935,113.5498702526
5887.68,22.1578370935,113.5498702526
5887.68,22.1578370935,113.5498702526
5887.68,22.1578370935,113.5498702526
5876.96,22.1621097211,113.5558676720
5876.96,22.1621097211,113.5558676720
5873.02,22.1582643621,113.5458254814
5867.35,22.1582345527,113.5490334034
5866.67,22.1583438538,113.5491299629
5866.67,22.1583438538,113.5491299629
5866.67,22.1582643621,113.5458254814
5866.67,22.1583438538,113.5491299629
5866.67,22.1582643621,113.5458254814
5866.67,22.1582643621,113.5458254814
5857.14,22.1582643621,113.5458254814
5853.08,22.1561379428,113.5601377487
5851.85,22.1570719814,113.5538291931
5851.06,22.1585028371,113.5536575317
5851.06,22.1578370935,113.5498702526
5849.44,22.1570719814,113.5538291931
5846.15,22.1611459072,113.5581207275
5842.97,22.1578370935,113.5498702526
5840.43,22.1585028371,113.5536575317
5840.43,22.1585028371,113.5536575317
5840.43,22.1585028371,113.5536575317
5833.33,22.1616725280,113.5561680794
5832.45,22.1621892106,113.5609424114
5828.57,22.1583438538,113.5491299629
5811.97,22.1573402679,113.5419845581
5811.24,22.1621892106,113.5609424114
5807.45,22.1573402679,113.5419845581
5804.91,22.1562472455,113.5543978214
5804.91,22.1562472455,113.5543978214
5800.0,22.1578370935,113.5498702526
5800.0,22.1575688079,113.5515868664
5800.0,22.1585028371,113.5536575317
5797.1,22.1578370935,113.5498702526
5797.1,22.1578370935,113.5498702526
5793.3,22.1611459072,113.5581207275
5782.11,22.1578370935,113.5498702526
5778.95,22.1585028371,113.5536575317
5769.23,22.1621097211,113.5558676720
5769.23,22.1621097211,113.5558676720
5766.82,22.1585028371,113.5536575317
5766.35,22.1579165855,113.5520052910
5762.71,22.1616526555,113.5540330410
5760.87,22.1621892106,113.5609424114
5734.27,22.1573402679,113.5419845581
5733.09,22.1562472455,113.5543978214
5733.09,22.1562472455,113.5543978214
5722.67,22.1588804215,113.5498380661
5720.0,22.1585028371,113.5536575317
5714.29,22.1582345527,113.5490334034
5714.29,22.1582643621,113.5458254814
5709.09,22.1578370935,113.5498702526
5704.47,22.1621892106,113.5609424114
5701.75,22.1589797857,113.5575413704
5700.64,22.1633815480,113.5562002659
5700.0,22.1573402679,113.5419845581
5697.33,22.1621097211,113.5558676720
5694.12,22.1561379428,113.5601377487
5688.41,22.1578370935,113.5498702526
5688.41,22.1578370935,113.5498702526
5687.97,22.1570719814,113.5538291931
5685.22,22.1562472455,113.5543978214
5685.22,22.1562472455,113.5543978214
5685.22,22.1562472455,113.5543978214
5685.22,22.1562472455,113.5543978214
5685.22,22.1562472455,113.5543978214
5680.0,22.1565155336,113.5596871376
5673.25,22.1562472455,113.5543978214
5673.03,22.1570719814,113.5538291931
5656.03,22.1578370935,113.5498702526
5650.0,22.1570719814,113.5538291931
5647.06,22.1561379428,113.5601377487
5644.44,22.1579165855,113.5520052910
5644.44,22.1565155336,113.5596871376
5638.13,22.1577377286,113.5529494286
5621.49,22.1606789022,113.5443878174
5620.25,22.1582643621,113.5458254814
5620.25,22.1582643621,113.5458254814
5613.41,22.1562472455,113.5543978214
5613.41,22.1562472455,113.5543978214
5613.41,22.1562472455,113.5543978214
5612.24,22.1621892106,113.5609424114
5611.81,22.1569527428,113.5606849194
5608.11,22.1605994118,113.5508680344
5600.0,22.1585028371,113.5536575317
5595.12,22.1570719814,113.5538291931
5593.75,22.1633815480,113.5562002659
5585.11,22.1585028371,113.5536575317
5584.42,22.1582643621,113.5458254814
5568.63,22.1621892106,113.5609424114
5568.63,22.1621892106,113.5609424114
5568.63,22.1621892106,113.5609424114
5565.53,22.1562472455,113.5543978214
5565.53,22.1562472455,113.5543978214
5565.53,22.1562472455,113.5543978214
5563.28,22.1633815480,113.5562002659
5555.56,22.1570719814,113.5538291931
5550.0,22.1616725280,113.5561680794
5544.55,22.1595362238,113.5476708412
5539.68,22.1621097211,113.5558676720
5537.6,22.1569527428,113.5606849194
5537.6,22.1569527428,113.5606849194
5537.6,22.1569527428,113.5606849194
5533.33,22.1579165855,113.5520052910
5523.64,22.1562472455,113.5543978214
5514.56,22.1621892106,113.5609424114
5500.98,22.1621892106,113.5609424114
5500.0,22.1570719814,113.5538291931
5500.0,22.1633815480,113.5562002659
5500.0,22.1570719814,113.5538291931
5493.39,22.1570719814,113.5538291931
5492.73,22.1577377286,113.5529494286
5490.59,22.1570719814,113.5538291931
5490.59,22.1570719814,113.5538291931
5490.2,22.1621892106,113.5609424114
5490.2,22.1621892106,113.5609424114
5490.0,22.1570719814,113.5538291931
5487.89,22.1588804215,113.5498380661
5480.71,22.1569527428,113.5606849194
5480.17,22.1621892106,113.5609424114
5479.45,22.1575688079,113.5515868664
5479.45,22.1575688079,113.5515868664
5476.92,22.1578370935,113.5498702526
5476.92,22.1578370935,113.5498702526
5465.84,22.1570719814,113.5538291931
5465.84,22.1570719814,113.5538291931
5446.24,22.1569527428,113.5606849194
5446.24,22.1569527428,113.5606849194
5446.24,22.1569527428,113.5606849194
5445.88,22.1569527428,113.5606849194
5445.54,22.1570719814,113.5538291931
5445.54,22.1570719814,113.5538291931
5445.54,22.1570719814,113.5538291931
5445.54,22.1570719814,113.5538291931
5442.18,22.1570719814,113.5538291931
5442.18,22.1570719814,113.5538291931
5437.5,22.1570719814,113.5538291931
5434.34,22.1621892106,113.5609424114
5415.16,22.1570719814,113.5538291931
5404.75,22.1578370935,113.5498702526
5403.73,22.1570719814,113.5538291931
5403.73,22.1570719814,113.5538291931
5403.73,22.1570719814,113.5538291931
5403.73,22.1570719814,113.5538291931
5403.73,22.1570719814,113.5538291931
5401.84,22.1571514738,113.5523271561
5400.0,22.1585028371,113.5536575317
5397.05,22.1569527428,113.5606849194
5397.05,22.1569527428,113.5606849194
5386.67,22.1575688079,113.5515868664
5386.0,22.1562472455,113.5543978214
5383.66,22.1570719814,113.5538291931
5383.66,22.1570719814,113.5538291931
5383.66,22.1570719814,113.5538291931
5383.66,22.1570719814,113.5538291931
5383.66,22.1570719814,113.5538291931
5383.66,22.1570719814,113.5538291931
5383.66,22.1570719814,113.5538291931
5383.66,22.1570719814,113.5538291931
5380.33,22.1570719814,113.5538291931
5380.33,22.1570719814,113.5538291931
5380.33,22.1570719814,113.5538291931
5380.33,22.1570719814,113.5538291931
5380.33,22.1570719814,113.5538291931
5380.33,22.1570719814,113.5538291931
5380.33,22.1570719814,113.5538291931
5380.33,22.1570719814,113.5538291931
5377.81,22.1569527428,113.5606849194
5376.34,22.1570719814,113.5538291931
5375.72,22.1533954105,113.5581851006
5371.29,22.1570719814,113.5538291931
5371.29,22.1570719814,113.5538291931
5370.37,22.1570719814,113.5538291931
5370.37,22.1570719814,113.5538291931
5370.37,22.1570719814,113.5538291931
5368.42,22.1621892106,113.5609424114
5368.2,22.1641168177,113.5601806641
5340.83,22.1569527428,113.5606849194
5339.51,22.1570719814,113.5538291931
5331.08,22.1633815480,113.5562002659
5321.78,22.1570719814,113.5538291931
5321.78,22.1570719814,113.5538291931
5320.44,22.1582643621,113.5458254814
5320.39,22.1621892106,113.5609424114
5312.5,22.1633815480,113.5562002659
5306.12,22.1621892106,113.5609424114
5299.15,22.1633815480,113.5562002659
5297.62,22.1652296509,113.5595583916
5283.02,22.1578370935,113.5498702526
5283.02,22.1578370935,113.5498702526
5281.02,22.1621892106,113.5609424114
5280.83,22.1633815480,113.5562002659
5277.11,22.1559988301,113.5592257977
5274.51,22.1621892106,113.5609424114
5266.67,22.1575688079,113.5515868664
5266.67,22.1575688079,113.5515868664
5266.67,22.1575688079,113.5515868664
5266.67,22.1575688079,113.5515868664
5266.67,22.1575688079,113.5515868664
5253.33,22.1575688079,113.5515868664
5253.33,22.1575688079,113.5515868664
5251.88,22.1565155336,113.5596871376
5250.31,22.1633815480,113.5562002659
5242.11,22.1621892106,113.5609424114
5222.09,22.1570719814,113.5538291931
5222.09,22.1570719814,113.5538291931
5222.09,22.1570719814,113.5538291931
5222.09,22.1570719814,113.5538291931
5219.05,22.1621892106,113.5609424114
5212.12,22.1570719814,113.5538291931
5212.12,22.1641168177,113.5601806641
5198.33,22.1621892106,113.5609424114
5198.33,22.1621892106,113.5609424114
5195.44,22.1582643621,113.5458254814
5174.97,22.1621892106,113.5609424114
5163.64,22.1621892106,113.5609424114
5157.36,22.1621892106,113.5609424114
5152.0,22.1585028371,113.5536575317
5152.0,22.1585028371,113.5536575317
5146.62,22.1562472455,113.5543978214
5140.74,22.1570719814,113.5538291931
5136.99,22.1597150784,113.5481536388
5120.48,22.1570719814,113.5538291931
5120.0,22.1585028371,113.5536575317
5120.0,22.1585028371,113.5536575317
5108.06,22.1578370935,113.5498702526
5108.06,22.1578370935,113.5498702526
5104.71,22.1578370935,113.5498702526
5104.71,22.1578370935,113.5498702526
5099.27,22.1621892106,113.5609424114
5098.04,22.1621892106,113.5609424114
5094.96,22.1578370935,113.5498702526
5093.95,22.1621892106,113.5609424114
5093.95,22.1621892106,113.5609424114
5089.66,22.1569527428,113.5606849194
5088.85,22.1577377286,113.5529494286
5086.65,22.1570719814,113.5538291931
5086.65,22.1570719814,113.5538291931
5086.65,22.1570719814,113.5538291931
5086.65,22.1570719814,113.5538291931
5083.33,22.1621892106,113.5609424114
5062.5,22.1582643621,113.5458254814
5061.43,22.1570719814,113.5538291931
5058.2,22.1621892106,113.5609424114
5058.14,22.1570719814,113.5538291931
5031.58,22.1621892106,113.5609424114
5031.58,22.1621892106,113.5609424114
5031.58,22.1621892106,113.5609424114
5028.57,22.1621892106,113.5609424114
5026.8,22.1570719814,113.5538291931
5023.26,22.1582643621,113.5458254814
5015.67,22.1621892106,113.5609424114
5015.67,22.1535543994,113.5583567619
5000.0,22.1582643621,113.5458254814
5000.0,22.1582643621,113.5458254814
5000.0,22.1582643621,113.5458254814
5000.0,22.1621892106,113.5609424114
5000.0,22.1621892106,113.5609424114
5000.0,22.1585028371,113.5536575317
5000.0,22.1585028371,113.5536575317
4998.15,22.1570719814,113.5538291931
4989.56,22.1621892106,113.5609424114
4989.56,22.1621892106,113.5609424114
4989.56,22.1621892106,113.5609424114
4980.0,22.1621892106,113.5609424114
4978.22,22.1582643621,113.5458254814
4973.05,22.1569527428,113.5606849194
4952.88,22.1621892106,113.5609424114
4951.36,22.1570719814,113.5538291931
4950.3,22.1621892106,113.5609424114
4944.08,22.1652296509,113.5595583916
4941.63,22.1570719814,113.5538291931
4939.76,22.1570719814,113.5538291931
4926.32,22.1621892106,113.5609424114
4919.18,22.1569527428,113.5606849194
4916.24,22.1585028371,113.5536575317
4911.42,22.1570719814,113.5538291931
4911.42,22.1570719814,113.5538291931
4906.25,22.1582643621,113.5458254814
4904.18,22.1570719814,113.5538291931
4904.18,22.1570719814,113.5538291931
4904.18,22.1570719814,113.5538291931
4904.18,22.1570719814,113.5538291931
4904.18,22.1570719814,113.5538291931
4904.18,22.1570719814,113.5538291931
4904.18,22.1570719814,113.5538291931
4904.18,22.1570719814,113.5538291931
4904.18,22.1570719814,113.5538291931
4901.96,22.1621892106,113.5609424114
4892.16,22.1570719814,113.5538291931
4882.35,22.1621892106,113.5609424114
4882.35,22.1621892106,113.5609424114
4881.12,22.1569527428,113.5606849194
4873.42,22.1582643621,113.5458254814
4873.42,22.1582643621,113.5458254814
4870.78,22.1621892106,113.5609424114
4869.14,22.1578370935,113.5498702526
4868.29,22.1570719814,113.5538291931
4868.29,22.1570719814,113.5538291931
4865.03,22.1582643621,113.5458254814
4861.18,22.1570719814,113.5538291931
4854.09,22.1570719814,113.5538291931
4854.09,22.1570719814,113.5538291931
4854.09,22.1570719814,113.5538291931
4854.09,22.1570719814,113.5538291931
4854.09,22.1570719814,113.5538291931
4854.09,22.1570719814,113.5538291931
4854.09,22.1570719814,113.5538291931
4854.09,22.1570719814,113.5538291931
4854.09,22.1570719814,113.5538291931
4854.09,22.1570719814,113.5538291931
4854.09,22.1570719814,113.5538291931
4854.09,22.1570719814,113.5538291931
4854.09,22.1570719814,113.5538291931
4854.09,22.1570719814,113.5538291931
4839.49,22.1570719814,113.5538291931
4819.28,22.1570719814,113.5538291931
4815.18,22.1570719814,113.5538291931
4815.18,22.1570719814,113.5538291931
4810.13,22.1582643621,113.5458254814
4799.22,22.1603609404,113.5572946072
4798.08,22.1570719814,113.5538291931
4798.08,22.1570719814,113.5538291931
4798.08,22.1570719814,113.5538291931
4794.52,22.1582643621,113.5458254814
4780.0,22.1621892106,113.5609424114
4761.9,22.1621892106,113.5609424114
4746.84,22.1582643621,113.5458254814
4746.84,22.1582643621,113.5458254814
4746.84,22.1582643621,113.5458254814
4740.38,22.1585028371,113.5536575317
4736.84,22.1570719814,113.5538291931
4736.84,22.1570719814,113.5538291931
4714.98,22.1621892106,113.5609424114
4695.65,22.1582643621,113.5458254814
4693.88,22.1621892106,113.5609424114
4680.0,22.1621892106,113.5609424114
4650.0,22.1621892106,113.5609424114
4645.67,22.1621892106,113.5609424114
4604.4,22.1582643621,113.5458254814
4575.76,22.1621892106,113.5609424114
4571.74,22.1582643621,113.5458254814
4571.74,22.1582643621,113.5458254814
4560.44,22.1582643621,113.5458254814
4554.66,22.1621892106,113.5609424114
4545.45,22.1582643621,113.5458254814
4522.61,22.1570719814,113.5538291931
4463.29,22.1595362238,113.5476708412
4371.05,22.1570719814,113.5538291931
4371.05,22.1570719814,113.5538291931
4371.05,22.1570719814,113.5538291931
4371.05,22.1570719814,113.5538291931
4371.05,22.1570719814,113.5538291931
4371.05,22.1570719814,113.5538291931
4371.05,22.1570719814,113.5538291931
4335.26,22.1570719814,113.5538291931
4330.43,22.1583438538,113.5491299629
4207.02,22.1595362238,113.5476708412
4207.02,22.1595362238,113.5476708412
4175.44,22.1595362238,113.5476708412
4154.39,22.1595362238,113.5476708412
4140.35,22.1595362238,113.5476708412
4122.81,22.1595362238,113.5476708412
3833.33,22.1575688079,113.5515868664
3833.33,22.1575688079,113.5515868664
3493.45,22.1595362238,113.5476708412
3493.45,22.1595362238,113.5476708412
3493.45,22.1595362238,113.5476708412